Date,State,Positive,Positive Increase,Death Increase,Death Confirmed,Death Probable,Hospitalized,Negative,Recovered,Total,Total Test Results,Date Format,weeknum
20200823,CA,663669.0,6777.0,146.0,12134.0,,,9877362.0,,10541031.0,10541031.0,2020-08-23,34
20200822,CA,656892.0,6556.0,167.0,11988.0,,,9779460.0,,10436352.0,10436352.0,2020-08-22,34
20200821,CA,650336.0,5585.0,135.0,11821.0,,,9679036.0,,10329372.0,10329372.0,2020-08-21,34
20200820,CA,644751.0,5920.0,163.0,11686.0,,,9583215.0,,10227966.0,10227966.0,2020-08-20,34
20200819,CA,638831.0,6164.0,181.0,11523.0,,,9501852.0,,10140683.0,10140683.0,2020-08-19,34
20200818,CA,632667.0,4636.0,100.0,11342.0,,,9416372.0,,10049039.0,10049039.0,2020-08-18,34
20200817,CA,628031.0,6469.0,18.0,11242.0,,,9305749.0,,9933780.0,9933780.0,2020-08-17,34
20200816,CA,621562.0,7873.0,77.0,11224.0,,,9176573.0,,9798135.0,9798135.0,2020-08-16,33
20200815,CA,613689.0,12614.0,151.0,11147.0,,,9067422.0,,9681111.0,9681111.0,2020-08-15,33
20200814,CA,601075.0,7934.0,188.0,10996.0,,,8955523.0,,9556598.0,9556598.0,2020-08-14,33
20200813,CA,593141.0,7085.0,160.0,10808.0,,,8852352.0,,9445493.0,9445493.0,2020-08-13,33
20200812,CA,586056.0,11645.0,180.0,10648.0,,,8717411.0,,9303467.0,9303467.0,2020-08-12,33
20200811,CA,574411.0,12500.0,109.0,10468.0,,,8611868.0,,9186279.0,9186279.0,2020-08-11,33
20200810,CA,561911.0,7751.0,66.0,10359.0,,,8436442.0,,8998353.0,8998353.0,2020-08-10,33
20200809,CA,554160.0,8373.0,104.0,10293.0,,,8271959.0,,8826119.0,8826119.0,2020-08-09,32
20200808,CA,545787.0,7371.0,178.0,10189.0,,,8161740.0,,8707527.0,8707527.0,2020-08-08,32
20200807,CA,538416.0,8436.0,142.0,10011.0,,,8058466.0,,8596882.0,8596882.0,2020-08-07,32
20200806,CA,529980.0,5258.0,166.0,9869.0,,,7970483.0,,8500463.0,8500463.0,2020-08-06,32
20200805,CA,524722.0,5295.0,202.0,9703.0,,,7884678.0,,8409400.0,8409400.0,2020-08-05,32
20200804,CA,519427.0,4526.0,113.0,9501.0,,,7786286.0,,8305713.0,8305713.0,2020-08-04,32
20200803,CA,514901.0,5739.0,32.0,9388.0,,,7669795.0,,8184696.0,8184696.0,2020-08-03,32
20200802,CA,509162.0,9032.0,132.0,9356.0,,,7526813.0,,8035975.0,8035975.0,2020-08-02,31
20200801,CA,500130.0,6542.0,219.0,9224.0,,,7386457.0,,7886587.0,7886587.0,2020-08-01,31
20200731,CA,493588.0,8086.0,96.0,9005.0,,,7317453.0,,7811041.0,7811041.0,2020-07-31,31
20200730,CA,485502.0,10197.0,194.0,8909.0,,,7148338.0,,7633840.0,7633840.0,2020-07-30,31
20200729,CA,475305.0,8755.0,197.0,8715.0,,,7042161.0,,7517466.0,7517466.0,2020-07-29,31
20200728,CA,466550.0,6000.0,73.0,8518.0,,,6951316.0,,7417866.0,7417866.0,2020-07-28,31
20200727,CA,460550.0,6891.0,29.0,8445.0,,,6836028.0,,7296578.0,7296578.0,2020-07-27,31
20200726,CA,453659.0,8259.0,79.0,8416.0,,,6714480.0,,7168139.0,7168139.0,2020-07-26,30
20200725,CA,445400.0,10066.0,151.0,8337.0,,,6601955.0,,7047355.0,7047355.0,2020-07-25,30
20200724,CA,435334.0,9718.0,159.0,8186.0,,,6480542.0,,6915876.0,6915876.0,2020-07-24,30
20200723,CA,425616.0,12040.0,157.0,8027.0,,,6352688.0,,6778304.0,6778304.0,2020-07-23,30
20200722,CA,413576.0,12807.0,115.0,7870.0,,,6250843.0,,6664419.0,6664419.0,2020-07-22,30
20200721,CA,400769.0,9231.0,61.0,7755.0,,,6136163.0,,6536932.0,6536932.0,2020-07-21,30
20200720,CA,391538.0,6846.0,9.0,7694.0,,,6022783.0,,6414321.0,6414321.0,2020-07-20,30
20200719,CA,384692.0,9329.0,90.0,7685.0,,,5902160.0,,6286852.0,6286852.0,2020-07-19,29
20200718,CA,375363.0,9199.0,120.0,7595.0,,,5791855.0,,6167218.0,6167218.0,2020-07-18,29
20200717,CA,366164.0,9986.0,130.0,7475.0,,,5677935.0,,6044099.0,6044099.0,2020-07-17,29
20200716,CA,356178.0,8544.0,118.0,7345.0,,,5559330.0,,5915508.0,5915508.0,2020-07-16,29
20200715,CA,347634.0,11126.0,140.0,7227.0,,,5445642.0,,5793276.0,5793276.0,2020-07-15,29
20200714,CA,336508.0,7346.0,47.0,7087.0,,,5338447.0,,5674955.0,5674955.0,2020-07-14,29
20200713,CA,329162.0,8358.0,23.0,7040.0,,,5215203.0,,5544365.0,5544365.0,2020-07-13,29
20200712,CA,320804.0,8460.0,72.0,7017.0,,,5085795.0,,5406599.0,5406599.0,2020-07-12,28
20200711,CA,312344.0,8047.0,94.0,6945.0,,,4963351.0,,5275695.0,5275695.0,2020-07-11,28
20200710,CA,304297.0,7798.0,140.0,6851.0,,,4871440.0,,5175737.0,5175737.0,2020-07-10,28
20200709,CA,296499.0,7031.0,149.0,6711.0,,,4781935.0,,5078434.0,5078434.0,2020-07-09,28
20200708,CA,289468.0,11694.0,114.0,6562.0,,,4706707.0,,4996175.0,4996175.0,2020-07-08,28
20200707,CA,277774.0,6090.0,111.0,6448.0,,,4618596.0,,4896370.0,4896370.0,2020-07-07,28
20200706,CA,271684.0,5699.0,6.0,6337.0,,,4521669.0,,4793353.0,4793353.0,2020-07-06,28
20200705,CA,265985.0,8597.0,18.0,6331.0,,,4414153.0,,4680138.0,4680138.0,2020-07-05,27
20200704,CA,257388.0,9153.0,50.0,6313.0,,,4295643.0,,4553031.0,4553031.0,2020-07-04,27
20200703,CA,248235.0,5688.0,100.0,6263.0,,,4199941.0,,4448176.0,4448176.0,2020-07-03,27
20200702,CA,242547.0,6408.0,73.0,6163.0,,,4096171.0,,4338718.0,4338718.0,2020-07-02,27
20200701,CA,236139.0,7407.0,110.0,6090.0,,,4018037.0,,4254176.0,4254176.0,2020-07-01,27
20200630,CA,228732.0,9480.0,44.0,5980.0,,,3938407.0,,4167139.0,4167139.0,2020-06-30,27
20200629,CA,219252.0,8009.0,31.0,5936.0,,,3842440.0,,4061692.0,4061692.0,2020-06-29,27
20200628,CA,211243.0,4810.0,33.0,5905.0,,,3744709.0,,3955952.0,3955952.0,2020-06-28,26
20200627,CA,206433.0,5972.0,60.0,5872.0,,,3655877.0,,3862310.0,3862310.0,2020-06-27,26
20200626,CA,200461.0,4890.0,79.0,5812.0,,,3570853.0,,3771314.0,3771314.0,2020-06-26,26
20200625,CA,195571.0,5349.0,101.0,5733.0,,,3498774.0,,3694345.0,3694345.0,2020-06-25,26
20200624,CA,190222.0,7149.0,52.0,5632.0,,,3402677.0,,3592899.0,3592899.0,2020-06-24,26
20200623,CA,183073.0,5019.0,65.0,5580.0,,,3313856.0,,3496929.0,3496929.0,2020-06-23,26
20200622,CA,178054.0,4230.0,20.0,5515.0,,,3233632.0,,3411686.0,3411686.0,2020-06-22,26
20200621,CA,173824.0,4515.0,71.0,5495.0,,,3145432.0,,3319256.0,3319256.0,2020-06-21,25
20200620,CA,169309.0,3893.0,64.0,5424.0,,,3065103.0,,3234412.0,3234412.0,2020-06-20,25
20200619,CA,165416.0,4317.0,70.0,5360.0,,,2990286.0,,3155702.0,3155702.0,2020-06-19,25
20200618,CA,161099.0,4084.0,82.0,5290.0,,,2913431.0,,3074530.0,3074530.0,2020-06-18,25
20200617,CA,157015.0,3455.0,87.0,5208.0,,,2840973.0,,2997988.0,2997988.0,2020-06-17,25
20200616,CA,153560.0,2108.0,32.0,5121.0,,,2784195.0,,2937755.0,2937755.0,2020-06-16,25
20200615,CA,151452.0,2597.0,26.0,5089.0,,,2716730.0,,2868182.0,2868182.0,2020-06-15,25
20200614,CA,148855.0,3212.0,74.0,5063.0,,,2653141.0,,2801996.0,2801996.0,2020-06-14,24
20200613,CA,145643.0,3660.0,46.0,4989.0,,,2578750.0,,2724393.0,2724393.0,2020-06-13,24
20200612,CA,141983.0,2702.0,62.0,4943.0,,,2520275.0,,2662258.0,2662258.0,2020-06-12,24
20200611,CA,139281.0,3090.0,105.0,4881.0,,,2458366.0,,2597647.0,2597647.0,2020-06-11,24
20200610,CA,136191.0,2702.0,79.0,4776.0,,,2404607.0,,2540798.0,2540798.0,2020-06-10,24
20200609,CA,133489.0,2170.0,44.0,4697.0,,,2352756.0,,2486245.0,2486245.0,2020-06-09,24
20200608,CA,131319.0,2507.0,27.0,4653.0,,,2299871.0,,2431190.0,2431190.0,2020-06-08,24
20200607,CA,128812.0,2796.0,67.0,4626.0,,,2233406.0,,2362218.0,2362218.0,2020-06-07,23
20200606,CA,126016.0,3115.0,74.0,4559.0,,,2182284.0,,2308300.0,2308300.0,2020-06-06,23
20200605,CA,122901.0,3094.0,63.0,4485.0,,,2115562.0,,2238463.0,2238463.0,2020-06-05,23
20200604,CA,119807.0,2120.0,61.0,4422.0,,,2062864.0,,2182671.0,2182671.0,2020-06-04,23
20200603,CA,117687.0,2377.0,75.0,4361.0,,,2013607.0,,2131294.0,2131294.0,2020-06-03,23
20200602,CA,115310.0,2304.0,35.0,4286.0,,,1956281.0,,2071591.0,2071591.0,2020-06-02,23
20200601,CA,113006.0,2423.0,38.0,4251.0,,,1899577.0,,2012583.0,2012583.0,2020-06-01,23
20200531,CA,110583.0,3705.0,57.0,4213.0,,,1834265.0,,1944848.0,1944848.0,2020-05-31,22
20200530,CA,106878.0,2992.0,88.0,4156.0,,,1781717.0,,1888595.0,1888595.0,2020-05-30,22
20200529,CA,103886.0,2189.0,95.0,4068.0,,,1731592.0,,1835478.0,1835478.0,2020-05-29,22
20200528,CA,101697.0,2717.0,89.0,3973.0,,,1688862.0,,1790559.0,1790559.0,2020-05-28,22
20200527,CA,98980.0,2247.0,70.0,3884.0,,,1637914.0,,1736894.0,1736894.0,2020-05-27,22
20200526,CA,96733.0,2175.0,19.0,3814.0,,,1599663.0,,1696396.0,1696396.0,2020-05-26,22
20200525,CA,94558.0,1848.0,21.0,3795.0,,,1549544.0,,1644102.0,1644102.0,2020-05-25,22
20200524,CA,92710.0,2079.0,66.0,3774.0,,,1490035.0,,1582745.0,1582745.0,2020-05-24,21
20200523,CA,90631.0,2187.0,78.0,3708.0,,,1424675.0,,1515306.0,1515306.0,2020-05-23,21
20200522,CA,88444.0,2247.0,88.0,3630.0,,,1378329.0,,1466773.0,1466773.0,2020-05-22,21
20200521,CA,86197.0,2140.0,106.0,3542.0,,,1334930.0,,1421127.0,1421127.0,2020-05-21,21
20200520,CA,84057.0,2262.0,102.0,3436.0,,,1296063.0,,1380120.0,1380120.0,2020-05-20,21
20200519,CA,81795.0,1365.0,32.0,3334.0,,,1257521.0,,1339316.0,1339316.0,2020-05-19,21
20200518,CA,80430.0,1591.0,41.0,3302.0,,,1212242.0,,1292672.0,1292672.0,2020-05-18,21
20200517,CA,78839.0,2046.0,57.0,3261.0,,,1156404.0,,1235243.0,1235243.0,2020-05-17,20
20200516,CA,76793.0,1857.0,96.0,3204.0,,,1102333.0,,1179126.0,1179126.0,2020-05-16,20
20200515,CA,74936.0,1772.0,76.0,3108.0,,,1058970.0,,1133906.0,1133906.0,2020-05-15,20
20200514,CA,73164.0,2023.0,98.0,3032.0,,,1031487.0,,1104651.0,1104651.0,2020-05-14,20
20200513,CA,71141.0,1759.0,87.0,2934.0,,,994451.0,,1065592.0,1065592.0,2020-05-13,20
20200512,CA,69382.0,1443.0,77.0,2847.0,,,963988.0,,1033370.0,1033370.0,2020-05-12,20
20200511,CA,67939.0,1259.0,25.0,2770.0,,,923958.0,,991897.0,991897.0,2020-05-11,20
20200510,CA,66680.0,2119.0,67.0,2745.0,,,888984.0,,955664.0,955664.0,2020-05-10,19
20200509,CA,64561.0,2049.0,93.0,2678.0,,,848009.0,,912570.0,912570.0,2020-05-09,19
20200508,CA,62512.0,1898.0,81.0,2585.0,,,812760.0,,875272.0,875272.0,2020-05-08,19
20200507,CA,60614.0,1799.0,92.0,2504.0,,,782260.0,,842874.0,842874.0,2020-05-07,19
20200506,CA,58815.0,2603.0,95.0,2412.0,,,750221.0,,809036.0,809036.0,2020-05-06,19
20200505,CA,56212.0,1275.0,63.0,2317.0,,,723690.0,,779902.0,779902.0,2020-05-05,19
20200504,CA,54937.0,1321.0,39.0,2254.0,,,692937.0,,747874.0,747874.0,2020-05-04,19
20200503,CA,53616.0,1419.0,44.0,2215.0,,,662135.0,,715751.0,715751.0,2020-05-03,18
20200502,CA,52197.0,1755.0,98.0,2171.0,,,634606.0,,686803.0,686803.0,2020-05-02,18
20200501,CA,50442.0,1525.0,91.0,2073.0,,,604543.0,,654985.0,654985.0,2020-05-01,18
20200430,CA,48917.0,2417.0,95.0,1982.0,,,576420.0,,625337.0,625337.0,2020-04-30,18
20200429,CA,46500.0,1469.0,78.0,1887.0,,,556639.0,,603139.0,603139.0,2020-04-29,18
20200428,CA,45031.0,1567.0,54.0,1809.0,,,532577.0,,577608.0,577608.0,2020-04-28,18
20200427,CA,43464.0,1300.0,45.0,1755.0,,,509945.0,,553409.0,553409.0,2020-04-27,18
20200426,CA,42164.0,1027.0,59.0,1710.0,,,483920.0,,526084.0,526084.0,2020-04-26,17
20200425,CA,41137.0,1883.0,89.0,1651.0,,,464898.0,,506035.0,506035.0,2020-04-25,17
20200424,CA,39254.0,1885.0,93.0,1562.0,,,454919.0,,494173.0,494173.0,2020-04-24,17
20200423,CA,37369.0,1973.0,115.0,1469.0,,,444728.0,,482097.0,482097.0,2020-04-23,17
20200422,CA,35396.0,2135.0,86.0,1354.0,,,429931.0,,465327.0,465327.0,2020-04-22,17
20200421,CA,33261.0,2283.0,60.0,1268.0,,,266839.0,,300100.0,300100.0,2020-04-21,17
20200420,CA,30978.0,645.0,42.0,1208.0,,,259522.0,,290500.0,290500.0,2020-04-20,17
20200419,CA,30333.0,1370.0,94.0,1166.0,,,250567.0,,288100.0,280900.0,2020-04-19,16
20200418,CA,28963.0,1435.0,87.0,1072.0,,,230703.0,,266866.0,259666.0,2020-04-18,16
20200417,CA,27528.0,1346.0,95.0,985.0,,,224086.0,,258814.0,251614.0,2020-04-17,16
20200416,CA,26182.0,1758.0,69.0,890.0,,,220218.0,,259600.0,246400.0,2020-04-16,16
20200415,CA,24424.0,1086.0,63.0,821.0,,,192062.0,,229686.0,216486.0,2020-04-15,16
20200414,CA,23338.0,990.0,71.0,758.0,,,178870.0,,215408.0,202208.0,2020-04-14,16
20200413,CA,22348.0,554.0,36.0,687.0,,,168534.0,,204082.0,190882.0,2020-04-13,16
20200412,CA,21794.0,1179.0,42.0,651.0,,,168534.0,,203528.0,190328.0,2020-04-12,15
20200411,CA,20615.0,1143.0,68.0,609.0,,,152604.0,,186419.0,173219.0,2020-04-11,15
20200410,CA,19472.0,1163.0,49.0,541.0,,,145391.0,,178763.0,164863.0,2020-04-10,15
20200409,CA,18309.0,1352.0,50.0,492.0,,,145191.0,,177600.0,163500.0,2020-04-09,15
20200408,CA,16957.0,1092.0,68.0,442.0,,,127307.0,,158864.0,144264.0,2020-04-08,15
20200407,CA,15865.0,1529.0,31.0,374.0,,,115364.0,,145329.0,131229.0,2020-04-07,15
20200406,CA,14336.0,898.0,24.0,343.0,,,103095.0,,132431.0,117431.0,2020-04-06,15
20200405,CA,13438.0,1412.0,43.0,319.0,,,103095.0,,131533.0,116533.0,2020-04-05,14
20200404,CA,12026.0,1325.0,39.0,276.0,,,101674.0,,126700.0,113700.0,2020-04-04,14
20200403,CA,10701.0,1510.0,34.0,237.0,,,24599.0,,94800.0,35300.0,2020-04-03,14
20200402,CA,9191.0,1036.0,32.0,203.0,,,23809.0,,92500.0,33000.0,2020-04-02,14
20200401,CA,8155.0,673.0,18.0,171.0,,,21772.0,,87327.0,29927.0,2020-04-01,14
20200331,CA,7482.0,1035.0,20.0,153.0,,,21772.0,,86654.0,29254.0,2020-03-31,14
20200330,CA,6447.0,739.0,10.0,133.0,,,20549.0,,91396.0,26996.0,2020-03-30,14
20200329,CA,5708.0,1065.0,22.0,123.0,,,20549.0,,90657.0,26257.0,2020-03-29,13
20200328,CA,4643.0,764.0,23.0,101.0,,,20549.0,,89592.0,25192.0,2020-03-28,13
20200327,CA,3879.0,873.0,13.0,78.0,,,17380.0,,78659.0,21259.0,2020-03-27,13
20200326,CA,3006.0,651.0,12.0,65.0,,,17380.0,,77786.0,20386.0,2020-03-26,13
20200325,CA,2355.0,253.0,13.0,53.0,,,15921.0,,66876.0,18276.0,2020-03-25,13
20200324,CA,2102.0,369.0,13.0,40.0,,,13452.0,,27654.0,15554.0,2020-03-24,13
20200323,CA,1733.0,197.0,0.0,27.0,,,12567.0,,26400.0,14300.0,2020-03-23,13
20200322,CA,1536.0,257.0,3.0,27.0,,,11304.0,,12840.0,12840.0,2020-03-22,12
20200321,CA,1279.0,216.0,4.0,24.0,,,11249.0,,12528.0,12528.0,2020-03-21,12
20200320,CA,1063.0,139.0,2.0,20.0,,,10424.0,,11487.0,11487.0,2020-03-20,12
20200319,CA,924.0,313.0,5.0,18.0,,,8787.0,,9711.0,9711.0,2020-03-19,12
20200318,CA,611.0,128.0,2.0,13.0,,,7981.0,,8592.0,8592.0,2020-03-18,12
20200317,CA,483.0,148.0,5.0,11.0,,,7981.0,,8464.0,8464.0,2020-03-17,12
20200316,CA,335.0,42.0,1.0,6.0,,,7981.0,,8316.0,8316.0,2020-03-16,12
20200315,CA,293.0,41.0,0.0,5.0,,,916.0,,1209.0,1209.0,2020-03-15,11
20200314,CA,252.0,50.0,1.0,5.0,,,916.0,,1168.0,1168.0,2020-03-14,11
20200313,CA,202.0,0.0,0.0,4.0,,,916.0,,1118.0,1118.0,2020-03-13,11
20200312,CA,202.0,45.0,4.0,4.0,,,916.0,,1118.0,1118.0,2020-03-12,11
20200311,CA,157.0,24.0,0.0,,,,916.0,,1073.0,1073.0,2020-03-11,11
20200310,CA,133.0,19.0,0.0,,,,690.0,,823.0,823.0,2020-03-10,11
20200309,CA,114.0,26.0,0.0,,,,690.0,,804.0,804.0,2020-03-09,11
20200308,CA,88.0,19.0,0.0,,,,462.0,,550.0,550.0,2020-03-08,10
20200307,CA,69.0,9.0,0.0,,,,462.0,,531.0,531.0,2020-03-07,10
20200306,CA,60.0,7.0,0.0,,,,462.0,,522.0,522.0,2020-03-06,10
20200305,CA,53.0,0.0,0.0,,,,462.0,,515.0,515.0,2020-03-05,10
20200304,CA,53.0,0.0,0.0,,,,462.0,,515.0,515.0,2020-03-04,10
20200823,TX,577537.0,4398.0,104.0,11370.0,,,4090491.0,451776.0,4668028.0,4668028.0,2020-08-23,34
20200822,TX,573139.0,5559.0,215.0,11266.0,,,4067721.0,446030.0,4640860.0,4640860.0,2020-08-22,34
20200821,TX,567580.0,5021.0,258.0,11051.0,,,4012446.0,438825.0,4580026.0,4580026.0,2020-08-21,34
20200820,TX,562559.0,5303.0,234.0,10793.0,,,3984510.0,431960.0,4547069.0,4547069.0,2020-08-20,34
20200819,TX,557256.0,7024.0,309.0,10559.0,,,3959933.0,424685.0,4517189.0,4517189.0,2020-08-19,34
20200818,TX,550232.0,7282.0,216.0,10250.0,,,3950413.0,415903.0,4500645.0,4500645.0,2020-08-18,34
20200817,TX,542950.0,7368.0,51.0,10034.0,,,3933217.0,405817.0,4476167.0,4476167.0,2020-08-17,34
20200816,TX,535582.0,6744.0,143.0,9983.0,,,3903459.0,399572.0,4439041.0,4439041.0,2020-08-16,33
20200815,TX,528838.0,8245.0,238.0,9840.0,,,3792838.0,393266.0,4321676.0,4321676.0,2020-08-15,33
20200814,TX,520593.0,7018.0,313.0,9602.0,,,3761448.0,383717.0,4282041.0,4282041.0,2020-08-14,33
20200813,TX,513575.0,6755.0,255.0,9289.0,,,3717188.0,375760.0,4230763.0,4230763.0,2020-08-13,33
20200812,TX,506820.0,6200.0,324.0,9034.0,,,3599540.0,367354.0,4106360.0,4106360.0,2020-08-12,33
20200811,TX,500620.0,9803.0,220.0,8710.0,,,3588243.0,358312.0,4088863.0,4088863.0,2020-08-11,33
20200810,TX,490817.0,4455.0,31.0,8490.0,,,3582844.0,349833.0,4073661.0,4073661.0,2020-08-10,33
20200809,TX,486362.0,4879.0,116.0,8459.0,,,3539502.0,344845.0,4025864.0,4025864.0,2020-08-09,32
20200808,TX,481483.0,6959.0,247.0,8343.0,,,3531174.0,338343.0,4012657.0,4012657.0,2020-08-08,32
20200807,TX,474524.0,7039.0,293.0,8096.0,,,3526008.0,331668.0,4000532.0,4000532.0,2020-08-07,32
20200806,TX,467485.0,7598.0,306.0,7803.0,,,3476995.0,323804.0,3944480.0,3944480.0,2020-08-06,32
20200805,TX,459887.0,8706.0,236.0,7497.0,,,3448348.0,315652.0,3908235.0,3908235.0,2020-08-05,32
20200804,TX,451181.0,9167.0,245.0,7261.0,,,3433667.0,306262.0,3884848.0,3884848.0,2020-08-04,32
20200803,TX,442014.0,11529.0,179.0,7016.0,,,3392572.0,297422.0,3834586.0,3834586.0,2020-08-03,32
20200802,TX,430485.0,0.0,0.0,6837.0,,,3317294.0,282604.0,3747779.0,3747779.0,2020-08-02,31
20200801,TX,430485.0,9539.0,268.0,6837.0,,,3317294.0,282604.0,3747779.0,3747779.0,2020-08-01,31
20200731,TX,420946.0,8839.0,295.0,6569.0,,,3248806.0,273191.0,3669752.0,3669752.0,2020-07-31,31
20200730,TX,412107.0,8800.0,84.0,6274.0,,,3197367.0,260542.0,3609474.0,3609474.0,2020-07-30,31
20200729,TX,403307.0,9042.0,313.0,6190.0,,,3136061.0,251346.0,3539368.0,3539368.0,2020-07-29,31
20200728,TX,394265.0,8342.0,164.0,5877.0,,,3082661.0,244449.0,3476926.0,3476926.0,2020-07-28,31
20200727,TX,385923.0,4267.0,675.0,5713.0,,,3042959.0,229107.0,3428882.0,3428882.0,2020-07-27,31
20200726,TX,381656.0,5810.0,153.0,5038.0,,,2988319.0,229107.0,3369975.0,3369975.0,2020-07-26,30
20200725,TX,375846.0,6020.0,168.0,4885.0,,,2930196.0,221510.0,3306042.0,3306042.0,2020-07-25,30
20200724,TX,369826.0,8701.0,196.0,4717.0,,,2862105.0,212216.0,3231931.0,3231931.0,2020-07-24,30
20200723,TX,361125.0,9507.0,173.0,4521.0,,,2803531.0,203826.0,3164656.0,3164656.0,2020-07-23,30
20200722,TX,351618.0,9879.0,197.0,4348.0,,,2752530.0,195315.0,3104148.0,3104148.0,2020-07-22,30
20200721,TX,341739.0,9305.0,131.0,4151.0,,,2701835.0,186529.0,3043574.0,3043574.0,2020-07-21,30
20200720,TX,332434.0,7404.0,62.0,4020.0,,,2652120.0,177871.0,2984554.0,2984554.0,2020-07-20,30
20200719,TX,325030.0,7300.0,93.0,3958.0,,,2607334.0,172936.0,2932364.0,2932364.0,2020-07-19,29
20200718,TX,317730.0,10158.0,130.0,3865.0,,,2524955.0,169581.0,2842685.0,2842685.0,2020-07-18,29
20200717,TX,307572.0,14916.0,174.0,3735.0,,,2459749.0,162191.0,2767321.0,2767321.0,2020-07-17,29
20200716,TX,292656.0,10291.0,129.0,3561.0,,,2407199.0,155937.0,2699855.0,2699855.0,2020-07-16,29
20200715,TX,282365.0,7307.0,110.0,3432.0,,,2359834.0,149276.0,2642199.0,2642199.0,2020-07-15,29
20200714,TX,275058.0,10745.0,87.0,3322.0,,,2323622.0,142398.0,2598680.0,2598680.0,2020-07-14,29
20200713,TX,264313.0,5655.0,43.0,3235.0,,,2275812.0,136419.0,2540125.0,2540125.0,2020-07-13,29
20200712,TX,258658.0,8196.0,80.0,3192.0,,,2234096.0,132638.0,2492754.0,2492754.0,2020-07-12,28
20200711,TX,250462.0,10351.0,99.0,3112.0,,,2179162.0,127880.0,2429624.0,2429624.0,2020-07-11,28
20200710,TX,240111.0,9765.0,95.0,3013.0,,,2149678.0,122996.0,2389789.0,2389789.0,2020-07-10,28
20200709,TX,230346.0,9782.0,105.0,2918.0,,,2082866.0,118326.0,2313212.0,2313212.0,2020-07-09,28
20200708,TX,220564.0,9979.0,98.0,2813.0,,,2038144.0,113284.0,2258708.0,2258708.0,2020-07-08,28
20200707,TX,210585.0,10028.0,60.0,2715.0,,,2010702.0,108485.0,2221287.0,2221287.0,2020-07-07,28
20200706,TX,200557.0,5318.0,18.0,2655.0,,,1963172.0,103782.0,2163729.0,2163729.0,2020-07-06,28
20200705,TX,195239.0,3449.0,29.0,2637.0,,,1938218.0,100843.0,2133457.0,2133457.0,2020-07-05,27
20200704,TX,191790.0,8258.0,33.0,2608.0,,,1880019.0,97430.0,2071809.0,2071809.0,2020-07-04,27
20200703,TX,183532.0,7555.0,50.0,2575.0,,,1830374.0,93572.0,2013906.0,2013906.0,2020-07-03,27
20200702,TX,175977.0,7915.0,44.0,2525.0,,,1799826.0,90720.0,1975803.0,1975803.0,2020-07-02,27
20200701,TX,168062.0,8076.0,57.0,2481.0,,,1753886.0,87556.0,1921948.0,1921948.0,2020-07-01,27
20200630,TX,159986.0,6975.0,21.0,2424.0,,,1709296.0,84818.0,1869282.0,1869282.0,2020-06-30,27
20200629,TX,153011.0,4283.0,10.0,2403.0,,,1666178.0,81335.0,1819189.0,1819189.0,2020-06-29,27
20200628,TX,148728.0,5357.0,27.0,2393.0,,,1626491.0,79974.0,1775219.0,1775219.0,2020-06-28,26
20200627,TX,143371.0,5747.0,42.0,2366.0,,,1579455.0,78248.0,1722826.0,1722826.0,2020-06-27,26
20200626,TX,137624.0,5707.0,28.0,2324.0,,,1559710.0,76282.0,1697334.0,1697334.0,2020-06-26,26
20200625,TX,131917.0,5996.0,47.0,2296.0,,,1527423.0,74496.0,1659340.0,1659340.0,2020-06-25,26
20200624,TX,125921.0,5551.0,29.0,2249.0,,,1504337.0,72898.0,1630258.0,1630258.0,2020-06-24,26
20200623,TX,120370.0,5489.0,28.0,2220.0,,,1476920.0,70714.0,1597290.0,1597290.0,2020-06-23,26
20200622,TX,114881.0,3280.0,10.0,2192.0,,,1434128.0,69190.0,1549009.0,1549009.0,2020-06-22,26
20200621,TX,111601.0,3866.0,17.0,2182.0,,,1414579.0,68499.0,1526180.0,1526180.0,2020-06-21,25
20200620,TX,107735.0,4430.0,25.0,2165.0,,,1355663.0,67096.0,1463398.0,1463398.0,2020-06-20,25
20200619,TX,103305.0,3454.0,35.0,2140.0,,,1320609.0,65329.0,1423914.0,1423914.0,2020-06-19,25
20200618,TX,99851.0,3516.0,43.0,2105.0,,,1307890.0,63812.0,1407741.0,1407741.0,2020-06-18,25
20200617,TX,96335.0,3129.0,33.0,2062.0,,,1273303.0,62368.0,1369638.0,1369638.0,2020-06-17,25
20200616,TX,93206.0,4098.0,46.0,2029.0,,,1255236.0,60681.0,1348442.0,1348442.0,2020-06-16,25
20200615,TX,89108.0,1254.0,7.0,1983.0,,,1225653.0,59089.0,1314761.0,1314761.0,2020-06-15,25
20200614,TX,87854.0,1843.0,19.0,1976.0,,,1208129.0,58341.0,1295983.0,1295983.0,2020-06-14,24
20200613,TX,86011.0,2331.0,18.0,1957.0,,,1174308.0,56535.0,1260319.0,1260319.0,2020-06-13,24
20200612,TX,83680.0,2097.0,19.0,1939.0,,,1143277.0,55258.0,1226957.0,1226957.0,2020-06-12,24
20200611,TX,81583.0,1826.0,35.0,1920.0,,,1124737.0,54096.0,1206320.0,1206320.0,2020-06-11,24
20200610,TX,79757.0,2504.0,32.0,1885.0,,,1081330.0,52449.0,1161087.0,1161087.0,2020-06-10,24
20200609,TX,77253.0,1637.0,23.0,1853.0,,,1070102.0,51140.0,1147355.0,1147355.0,2020-06-09,24
20200608,TX,75616.0,638.0,0.0,1830.0,,,1044700.0,49758.0,1120316.0,1120316.0,2020-06-08,24
20200607,TX,74978.0,1425.0,11.0,1830.0,,,1025468.0,49758.0,1100446.0,1100446.0,2020-06-07,23
20200606,TX,73553.0,1940.0,31.0,1819.0,,,1019724.0,48895.0,1093277.0,1093277.0,2020-06-06,23
20200605,TX,71613.0,1693.0,21.0,1788.0,,,989963.0,47865.0,1061576.0,1061576.0,2020-06-05,23
20200604,TX,69920.0,1649.0,33.0,1767.0,,,968635.0,46799.0,1038555.0,1038555.0,2020-06-04,23
20200603,TX,68271.0,1703.0,36.0,1734.0,,,938497.0,45858.0,1006768.0,1006768.0,2020-06-03,23
20200602,TX,66568.0,1688.0,20.0,1698.0,,,919656.0,44517.0,986224.0,986224.0,2020-06-02,23
20200601,TX,64880.0,593.0,6.0,1678.0,,,905151.0,43338.0,970031.0,970031.0,2020-06-01,23
20200531,TX,64287.0,1949.0,46.0,1672.0,,,887578.0,42423.0,951865.0,951865.0,2020-05-31,22
20200530,TX,62338.0,1332.0,0.0,1626.0,,,866179.0,40068.0,928517.0,928517.0,2020-05-30,22
20200529,TX,61006.0,1230.0,25.0,1626.0,,,832269.0,40068.0,893275.0,893275.0,2020-05-29,22
20200528,TX,59776.0,1855.0,39.0,1601.0,,,813442.0,38905.0,873218.0,873218.0,2020-05-28,22
20200527,TX,57921.0,1361.0,26.0,1562.0,,,797753.0,37626.0,855674.0,855674.0,2020-05-27,22
20200526,TX,56560.0,589.0,9.0,1536.0,,,764673.0,36375.0,821233.0,821233.0,2020-05-26,22
20200525,TX,55971.0,623.0,21.0,1527.0,,,749683.0,35292.0,805654.0,805654.0,2020-05-25,22
20200524,TX,55348.0,839.0,0.0,1506.0,,,708197.0,33385.0,763545.0,763545.0,2020-05-24,21
20200523,TX,54509.0,1060.0,26.0,1506.0,,,708197.0,32277.0,762706.0,762706.0,2020-05-23,21
20200522,TX,53449.0,1181.0,40.0,1480.0,,,687913.0,31223.0,741362.0,741362.0,2020-05-22,21
20200521,TX,52268.0,945.0,21.0,1440.0,,,687913.0,30341.0,740181.0,740181.0,2020-05-21,21
20200520,TX,51323.0,1411.0,50.0,1419.0,,,669605.0,30341.0,720928.0,720928.0,2020-05-20,21
20200519,TX,49912.0,1219.0,22.0,1369.0,,,650234.0,29359.0,700146.0,700146.0,2020-05-19,21
20200518,TX,48693.0,909.0,11.0,1347.0,,,631152.0,28371.0,679845.0,679845.0,2020-05-18,21
20200517,TX,47784.0,785.0,31.0,1336.0,,,602571.0,27570.0,650355.0,650355.0,2020-05-17,20
20200516,TX,46999.0,1801.0,33.0,1305.0,,,591740.0,26601.0,638739.0,638739.0,2020-05-16,20
20200515,TX,45198.0,1347.0,56.0,1272.0,,,564432.0,25454.0,609630.0,609630.0,2020-05-15,20
20200514,TX,43851.0,1448.0,58.0,1216.0,,,543462.0,24487.0,587313.0,587313.0,2020-05-14,20
20200513,TX,42403.0,1355.0,25.0,1158.0,,,514373.0,23519.0,556776.0,556776.0,2020-05-13,20
20200512,TX,41048.0,1179.0,33.0,1133.0,,,497124.0,22674.0,538172.0,538172.0,2020-05-12,20
20200511,TX,39869.0,1000.0,12.0,1100.0,,,485828.0,21713.0,525697.0,525697.0,2020-05-11,20
20200510,TX,38869.0,1009.0,39.0,1088.0,,,462907.0,21022.0,501776.0,501776.0,2020-05-10,19
20200509,TX,37860.0,1251.0,45.0,1049.0,,,451434.0,20141.0,489294.0,489294.0,2020-05-09,19
20200508,TX,36609.0,1219.0,31.0,1004.0,,,440509.0,19197.0,477118.0,477118.0,2020-05-08,19
20200507,TX,35390.0,968.0,25.0,973.0,,,419772.0,18440.0,455162.0,455162.0,2020-05-07,19
20200506,TX,34422.0,1053.0,42.0,948.0,,,404516.0,17622.0,438938.0,438938.0,2020-05-06,19
20200505,TX,33369.0,1037.0,22.0,906.0,,,393841.0,16791.0,427210.0,427210.0,2020-05-05,19
20200504,TX,32332.0,784.0,17.0,884.0,,,375066.0,16090.0,407398.0,407398.0,2020-05-04,19
20200503,TX,31548.0,1026.0,20.0,867.0,,,359012.0,15544.0,390560.0,390560.0,2020-05-03,18
20200502,TX,30522.0,1293.0,31.0,847.0,,,350126.0,14891.0,380648.0,380648.0,2020-05-02,18
20200501,TX,29229.0,1142.0,34.0,816.0,,,322546.0,14122.0,351775.0,351775.0,2020-05-01,18
20200430,TX,28087.0,1033.0,50.0,782.0,,,302213.0,13353.0,330300.0,330300.0,2020-04-30,18
20200429,TX,27054.0,883.0,42.0,732.0,,,287736.0,12507.0,314790.0,314790.0,2020-04-29,18
20200428,TX,26171.0,874.0,27.0,690.0,,,274213.0,11786.0,300384.0,300384.0,2020-04-28,18
20200427,TX,25297.0,666.0,15.0,663.0,,,265220.0,11170.0,290517.0,290517.0,2020-04-27,18
20200426,TX,24631.0,858.0,25.0,648.0,,,251390.0,10763.0,276021.0,276021.0,2020-04-26,17
20200425,TX,23773.0,967.0,30.0,623.0,,,239043.0,9986.0,262816.0,262816.0,2020-04-25,17
20200424,TX,22806.0,862.0,32.0,593.0,,,219741.0,9156.0,242547.0,242547.0,2020-04-24,17
20200423,TX,21944.0,875.0,18.0,561.0,,,203134.0,8025.0,225078.0,225078.0,2020-04-23,17
20200422,TX,21069.0,873.0,26.0,543.0,,,195714.0,7341.0,216783.0,216783.0,2020-04-22,17
20200421,TX,20196.0,738.0,22.0,517.0,,,185203.0,6486.0,205399.0,205399.0,2020-04-21,17
20200420,TX,19458.0,535.0,18.0,495.0,,,170936.0,5706.0,190394.0,190394.0,2020-04-20,17
20200419,TX,18923.0,663.0,24.0,477.0,,,163787.0,5334.0,182710.0,182710.0,2020-04-19,16
20200418,TX,18260.0,889.0,25.0,453.0,,,157979.0,4806.0,176239.0,176239.0,2020-04-18,16
20200417,TX,17371.0,916.0,35.0,428.0,,,152165.0,4190.0,169536.0,169536.0,2020-04-17,16
20200416,TX,16455.0,963.0,29.0,393.0,,,142092.0,3677.0,158547.0,158547.0,2020-04-16,16
20200415,TX,15492.0,868.0,46.0,364.0,,,136318.0,3150.0,151810.0,151810.0,2020-04-15,16
20200414,TX,14624.0,718.0,31.0,318.0,,,131843.0,2580.0,146467.0,146467.0,2020-04-14,16
20200413,TX,13906.0,422.0,16.0,287.0,,,119320.0,2269.0,133226.0,133226.0,2020-04-13,16
20200412,TX,13484.0,923.0,17.0,271.0,,,111049.0,2014.0,124533.0,124533.0,2020-04-12,15
20200411,TX,12561.0,890.0,28.0,254.0,,,107972.0,1617.0,120533.0,120533.0,2020-04-11,15
20200410,TX,11671.0,1441.0,27.0,226.0,,,104047.0,1366.0,115718.0,115718.0,2020-04-10,15
20200409,TX,10230.0,877.0,22.0,199.0,,,95904.0,1101.0,106134.0,106134.0,2020-04-09,15
20200408,TX,9353.0,1091.0,23.0,177.0,,,86905.0,38.0,96258.0,96258.0,2020-04-08,15
20200407,TX,8262.0,986.0,14.0,154.0,,,80387.0,38.0,88649.0,88649.0,2020-04-07,15
20200406,TX,7276.0,464.0,13.0,140.0,,,78081.0,38.0,85357.0,85357.0,2020-04-06,15
20200405,TX,6812.0,702.0,22.0,127.0,,,64126.0,38.0,70938.0,70938.0,2020-04-05,14
20200404,TX,6110.0,780.0,15.0,105.0,,,57641.0,38.0,63751.0,63751.0,2020-04-04,14
20200403,TX,5330.0,661.0,20.0,90.0,,,50434.0,38.0,55764.0,55764.0,2020-04-03,14
20200402,TX,4669.0,672.0,12.0,70.0,,,46010.0,38.0,50679.0,50679.0,2020-04-02,14
20200401,TX,3997.0,731.0,17.0,58.0,,,43860.0,38.0,47857.0,47857.0,2020-04-01,14
20200331,TX,3266.0,389.0,7.0,41.0,,,39726.0,38.0,42992.0,42992.0,2020-03-31,14
20200330,TX,2877.0,325.0,0.0,34.0,,,33003.0,38.0,35880.0,35880.0,2020-03-30,14
20200329,TX,2552.0,500.0,7.0,34.0,,,23208.0,,25760.0,25760.0,2020-03-29,13
20200328,TX,2052.0,321.0,4.0,27.0,,,23208.0,,25260.0,25260.0,2020-03-28,13
20200327,TX,1731.0,335.0,5.0,23.0,,,21935.0,,23666.0,23666.0,2020-03-27,13
20200326,TX,1396.0,422.0,6.0,18.0,,,20028.0,,21424.0,21424.0,2020-03-26,13
20200325,TX,974.0,564.0,3.0,12.0,,,12520.0,,13494.0,13494.0,2020-03-25,13
20200324,TX,410.0,58.0,1.0,9.0,,,10757.0,,11167.0,11167.0,2020-03-24,13
20200323,TX,352.0,18.0,3.0,8.0,,,9703.0,,10055.0,10055.0,2020-03-23,13
20200322,TX,334.0,30.0,0.0,5.0,,,8422.0,,8756.0,8756.0,2020-03-22,12
20200321,TX,304.0,110.0,0.0,5.0,,,6218.0,,6522.0,6522.0,2020-03-21,12
20200320,TX,194.0,51.0,2.0,5.0,,,5083.0,,5277.0,5277.0,2020-03-20,12
20200319,TX,143.0,60.0,1.0,3.0,,,2212.0,,2355.0,2355.0,2020-03-19,12
20200318,TX,83.0,19.0,1.0,2.0,,,1824.0,,1907.0,1907.0,2020-03-18,12
20200317,TX,64.0,7.0,1.0,1.0,,,1204.0,,1268.0,1268.0,2020-03-17,12
20200316,TX,57.0,1.0,0.0,,,,,,57.0,57.0,2020-03-16,12
20200315,TX,56.0,5.0,0.0,,,,,,56.0,56.0,2020-03-15,11
20200314,TX,51.0,12.0,0.0,,,,,,51.0,51.0,2020-03-14,11
20200313,TX,39.0,16.0,0.0,,,,,,39.0,39.0,2020-03-13,11
20200312,TX,23.0,2.0,0.0,,,,,,23.0,23.0,2020-03-12,11
20200311,TX,21.0,8.0,0.0,,,,,,21.0,21.0,2020-03-11,11
20200310,TX,13.0,1.0,0.0,,,,,,13.0,13.0,2020-03-10,11
20200309,TX,12.0,4.0,0.0,,,,,,12.0,12.0,2020-03-09,11
20200308,TX,8.0,0.0,0.0,,,,,,8.0,8.0,2020-03-08,10
20200307,TX,8.0,3.0,0.0,,,,,,8.0,8.0,2020-03-07,10
20200306,TX,5.0,4.0,0.0,,,,,,5.0,5.0,2020-03-06,10
20200305,TX,1.0,0.0,0.0,,,,,,1.0,1.0,2020-03-05,10
20200304,TX,1.0,0.0,0.0,,,,,,1.0,1.0,2020-03-04,10
20200823,SD,11276.0,141.0,1.0,161.0,,959.0,125484.0,9564.0,136760.0,136760.0,2020-08-23,34
20200822,SD,11135.0,251.0,1.0,160.0,,951.0,124495.0,9435.0,135630.0,135630.0,2020-08-22,34
20200821,SD,10884.0,193.0,2.0,159.0,,948.0,122891.0,9349.0,133775.0,133775.0,2020-08-21,34
20200820,SD,10691.0,125.0,2.0,157.0,,940.0,121417.0,9265.0,132108.0,132108.0,2020-08-20,34
20200819,SD,10566.0,123.0,1.0,155.0,,935.0,120481.0,9189.0,131047.0,131047.0,2020-08-19,34
20200818,SD,10443.0,83.0,1.0,154.0,,927.0,119570.0,9126.0,130013.0,130013.0,2020-08-18,34
20200817,SD,10360.0,86.0,0.0,153.0,,921.0,118933.0,9013.0,129293.0,129293.0,2020-08-17,34
20200816,SD,10274.0,156.0,1.0,153.0,,916.0,118500.0,8939.0,128774.0,128774.0,2020-08-16,33
20200815,SD,10118.0,94.0,2.0,152.0,,913.0,117331.0,8884.0,127449.0,127449.0,2020-08-15,33
20200814,SD,10024.0,127.0,2.0,150.0,,903.0,115990.0,8773.0,126014.0,126014.0,2020-08-14,33
20200813,SD,9897.0,82.0,1.0,148.0,,896.0,114873.0,8691.0,124770.0,124770.0,2020-08-13,33
20200812,SD,9815.0,102.0,1.0,147.0,,892.0,113813.0,8606.0,123628.0,123628.0,2020-08-12,33
20200811,SD,9713.0,50.0,0.0,146.0,,887.0,112696.0,8507.0,122409.0,122409.0,2020-08-11,33
20200810,SD,9663.0,58.0,0.0,146.0,,882.0,111814.0,8371.0,121477.0,121477.0,2020-08-10,33
20200809,SD,9605.0,128.0,0.0,146.0,,876.0,111292.0,8334.0,120897.0,120897.0,2020-08-09,32
20200808,SD,9477.0,106.0,2.0,146.0,,871.0,110510.0,8307.0,119987.0,119987.0,2020-08-08,32
20200807,SD,9371.0,98.0,3.0,144.0,,866.0,109356.0,8244.0,118727.0,118727.0,2020-08-07,32
20200806,SD,9273.0,105.0,4.0,141.0,,861.0,108301.0,8145.0,117574.0,117574.0,2020-08-06,32
20200805,SD,9168.0,89.0,1.0,137.0,,856.0,107206.0,8080.0,116374.0,116374.0,2020-08-05,32
20200804,SD,9079.0,59.0,1.0,136.0,,846.0,106302.0,8008.0,115381.0,115381.0,2020-08-04,32
20200803,SD,9020.0,65.0,0.0,135.0,,838.0,105628.0,7939.0,114648.0,114648.0,2020-08-03,32
20200802,SD,8955.0,88.0,1.0,135.0,,835.0,104998.0,7909.0,113953.0,113953.0,2020-08-02,31
20200801,SD,8867.0,103.0,4.0,134.0,,832.0,104065.0,7820.0,112932.0,112932.0,2020-08-01,31
20200731,SD,8764.0,79.0,1.0,130.0,,824.0,102871.0,7761.0,111635.0,111635.0,2020-07-31,31
20200730,SD,8685.0,44.0,0.0,129.0,,815.0,101660.0,7690.0,110345.0,110345.0,2020-07-30,31
20200729,SD,8641.0,149.0,6.0,129.0,,810.0,101073.0,7609.0,109714.0,109714.0,2020-07-29,31
20200728,SD,8492.0,48.0,0.0,123.0,,808.0,98999.0,7474.0,107491.0,107491.0,2020-07-28,31
20200727,SD,8444.0,49.0,0.0,123.0,,806.0,98383.0,7404.0,106827.0,106827.0,2020-07-27,31
20200726,SD,8395.0,90.0,1.0,123.0,,801.0,98531.0,7364.0,106926.0,106926.0,2020-07-26,30
20200725,SD,8305.0,105.0,0.0,122.0,,798.0,97608.0,7307.0,105913.0,105913.0,2020-07-25,30
20200724,SD,8200.0,57.0,1.0,122.0,,796.0,95290.0,7261.0,103490.0,103490.0,2020-07-24,30
20200723,SD,8143.0,66.0,2.0,121.0,,792.0,94393.0,7214.0,102536.0,102536.0,2020-07-23,30
20200722,SD,8077.0,58.0,1.0,119.0,,790.0,92981.0,7159.0,101058.0,101058.0,2020-07-22,30
20200721,SD,8019.0,76.0,0.0,118.0,,776.0,91826.0,7081.0,99845.0,99845.0,2020-07-21,30
20200720,SD,7943.0,37.0,0.0,118.0,,774.0,90711.0,6996.0,98654.0,98654.0,2020-07-20,30
20200719,SD,7906.0,44.0,2.0,118.0,,774.0,90181.0,6952.0,98087.0,98087.0,2020-07-19,29
20200718,SD,7862.0,73.0,0.0,116.0,,771.0,89385.0,6891.0,97247.0,97247.0,2020-07-18,29
20200717,SD,7789.0,95.0,1.0,116.0,,763.0,88184.0,6808.0,95973.0,95973.0,2020-07-17,29
20200716,SD,7694.0,42.0,4.0,115.0,,757.0,86342.0,6737.0,94036.0,94036.0,2020-07-16,29
20200715,SD,7652.0,80.0,2.0,111.0,,752.0,85891.0,6663.0,93543.0,93543.0,2020-07-15,29
20200714,SD,7572.0,48.0,0.0,109.0,,744.0,84592.0,6599.0,92164.0,92164.0,2020-07-14,29
20200713,SD,7524.0,25.0,0.0,109.0,,742.0,83854.0,6543.0,91378.0,91378.0,2020-07-13,29
20200712,SD,7499.0,45.0,0.0,109.0,,738.0,83109.0,6522.0,90608.0,90608.0,2020-07-12,28
20200711,SD,7454.0,53.0,2.0,109.0,,738.0,82152.0,6470.0,89606.0,89606.0,2020-07-11,28
20200710,SD,7401.0,65.0,6.0,107.0,,726.0,81141.0,6408.0,88542.0,88542.0,2020-07-10,28
20200709,SD,7336.0,94.0,3.0,101.0,,718.0,79974.0,6331.0,87310.0,87310.0,2020-07-09,28
20200708,SD,7242.0,79.0,0.0,98.0,,709.0,78984.0,6280.0,86226.0,86226.0,2020-07-08,28
20200707,SD,7163.0,58.0,1.0,98.0,,699.0,78202.0,6190.0,85365.0,85365.0,2020-07-07,28
20200706,SD,7105.0,42.0,0.0,97.0,,692.0,77198.0,6063.0,84303.0,84303.0,2020-07-06,28
20200705,SD,7063.0,35.0,0.0,97.0,,691.0,76940.0,6063.0,84003.0,84003.0,2020-07-05,27
20200704,SD,7028.0,50.0,0.0,97.0,,689.0,76802.0,6062.0,83830.0,83830.0,2020-07-04,27
20200703,SD,6978.0,85.0,0.0,97.0,,687.0,76015.0,6049.0,82993.0,82993.0,2020-07-03,27
20200702,SD,6893.0,67.0,4.0,97.0,,683.0,75048.0,5982.0,81941.0,81941.0,2020-07-02,27
20200701,SD,6826.0,62.0,2.0,93.0,,674.0,74117.0,5933.0,80943.0,80943.0,2020-07-01,27
20200630,SD,6764.0,48.0,0.0,91.0,,666.0,73324.0,5872.0,80088.0,80088.0,2020-06-30,27
20200629,SD,6716.0,35.0,0.0,91.0,,657.0,72741.0,5818.0,79457.0,79457.0,2020-06-29,27
20200628,SD,6681.0,55.0,0.0,91.0,,652.0,72212.0,5752.0,78893.0,78893.0,2020-06-28,26
20200627,SD,6626.0,91.0,3.0,91.0,,645.0,71474.0,5717.0,78100.0,78100.0,2020-06-27,26
20200626,SD,6535.0,56.0,1.0,88.0,,639.0,70480.0,5652.0,77015.0,77015.0,2020-06-26,26
20200625,SD,6479.0,60.0,3.0,87.0,,632.0,69375.0,5592.0,75854.0,75854.0,2020-06-25,26
20200624,SD,6419.0,66.0,1.0,84.0,,629.0,68658.0,5554.0,75077.0,75077.0,2020-06-24,26
20200623,SD,6353.0,27.0,2.0,83.0,,624.0,67633.0,5497.0,73986.0,73986.0,2020-06-23,26
20200622,SD,6326.0,29.0,0.0,81.0,,616.0,67003.0,5437.0,73329.0,73329.0,2020-06-22,26
20200621,SD,6297.0,72.0,0.0,81.0,,608.0,66729.0,5389.0,73026.0,73026.0,2020-06-21,25
20200620,SD,6225.0,67.0,0.0,81.0,,598.0,65690.0,5335.0,71915.0,71915.0,2020-06-20,25
20200619,SD,6158.0,49.0,3.0,81.0,,589.0,65035.0,5276.0,71193.0,71193.0,2020-06-19,25
20200618,SD,6109.0,59.0,0.0,78.0,,585.0,64244.0,5221.0,70353.0,70353.0,2020-06-18,25
20200617,SD,6050.0,84.0,1.0,78.0,,570.0,62938.0,5143.0,68988.0,68988.0,2020-06-17,25
20200616,SD,5966.0,38.0,2.0,77.0,,562.0,61236.0,5069.0,67202.0,67202.0,2020-06-16,25
20200615,SD,5928.0,30.0,0.0,75.0,,544.0,60467.0,4961.0,66395.0,66395.0,2020-06-15,25
20200614,SD,5898.0,65.0,0.0,75.0,,539.0,59421.0,4899.0,65319.0,65319.0,2020-06-14,24
20200613,SD,5833.0,91.0,1.0,75.0,,531.0,58680.0,4828.0,64513.0,64513.0,2020-06-13,24
20200612,SD,5742.0,77.0,1.0,74.0,,525.0,57263.0,4755.0,63005.0,63005.0,2020-06-12,24
20200611,SD,5665.0,61.0,4.0,73.0,,514.0,56079.0,4664.0,61744.0,61744.0,2020-06-11,24
20200610,SD,5604.0,81.0,1.0,69.0,,503.0,55081.0,4573.0,60685.0,60685.0,2020-06-10,24
20200609,SD,5523.0,52.0,3.0,68.0,,487.0,53636.0,4483.0,59159.0,59159.0,2020-06-09,24
20200608,SD,5471.0,33.0,0.0,65.0,,482.0,52348.0,4403.0,57819.0,57819.0,2020-06-08,24
20200607,SD,5438.0,71.0,0.0,65.0,,478.0,51622.0,4335.0,57060.0,57060.0,2020-06-07,23
20200606,SD,5367.0,90.0,0.0,65.0,,474.0,50091.0,4273.0,55458.0,55458.0,2020-06-06,23
20200605,SD,5277.0,30.0,1.0,65.0,,467.0,48086.0,4179.0,53363.0,53363.0,2020-06-05,23
20200604,SD,5247.0,85.0,2.0,64.0,,464.0,47375.0,4163.0,52622.0,52622.0,2020-06-04,23
20200603,SD,5162.0,95.0,0.0,62.0,,456.0,43500.0,4084.0,48662.0,48662.0,2020-06-03,23
20200602,SD,5067.0,33.0,0.0,62.0,,443.0,41779.0,3990.0,46846.0,46846.0,2020-06-02,23
20200601,SD,5034.0,41.0,0.0,62.0,,435.0,40627.0,3903.0,45661.0,45661.0,2020-06-01,23
20200531,SD,4993.0,33.0,0.0,62.0,,432.0,39135.0,3837.0,44128.0,44128.0,2020-05-31,22
20200530,SD,4960.0,94.0,3.0,62.0,,427.0,37978.0,3805.0,42938.0,42938.0,2020-05-30,22
20200529,SD,4866.0,73.0,5.0,59.0,,418.0,35816.0,3744.0,40682.0,40682.0,2020-05-29,22
20200528,SD,4793.0,83.0,0.0,54.0,,406.0,34233.0,3698.0,39026.0,39026.0,2020-05-28,22
20200527,SD,4710.0,57.0,4.0,54.0,,391.0,33296.0,3619.0,38006.0,38006.0,2020-05-27,22
20200526,SD,4653.0,67.0,0.0,50.0,,378.0,32385.0,3528.0,37038.0,37038.0,2020-05-26,22
20200525,SD,4586.0,23.0,0.0,50.0,,370.0,30697.0,3415.0,35283.0,35283.0,2020-05-25,22
20200524,SD,4563.0,95.0,0.0,50.0,,364.0,30342.0,3371.0,34905.0,34905.0,2020-05-24,21
20200523,SD,4468.0,112.0,0.0,50.0,,358.0,29060.0,3336.0,33528.0,33528.0,2020-05-23,21
20200522,SD,4356.0,106.0,2.0,50.0,,351.0,27988.0,3267.0,32344.0,32344.0,2020-05-22,21
20200521,SD,4250.0,73.0,2.0,48.0,,342.0,27051.0,3145.0,31301.0,31301.0,2020-05-21,21
20200520,SD,4177.0,92.0,0.0,46.0,,333.0,26212.0,3023.0,30389.0,30389.0,2020-05-20,21
20200519,SD,4085.0,58.0,2.0,46.0,,327.0,25624.0,2914.0,29709.0,29709.0,2020-05-19,21
20200518,SD,4027.0,40.0,0.0,44.0,,316.0,25018.0,2784.0,29045.0,29045.0,2020-05-18,21
20200517,SD,3987.0,28.0,0.0,44.0,,312.0,24572.0,2724.0,28559.0,28559.0,2020-05-17,20
20200516,SD,3959.0,72.0,0.0,44.0,,304.0,24217.0,2673.0,28176.0,28176.0,2020-05-16,20
20200515,SD,3887.0,95.0,1.0,44.0,,296.0,23527.0,2574.0,27414.0,27414.0,2020-05-15,20
20200514,SD,3792.0,60.0,4.0,43.0,,290.0,22681.0,2437.0,26473.0,26473.0,2020-05-14,20
20200513,SD,3732.0,69.0,0.0,39.0,,281.0,22112.0,2367.0,25844.0,25844.0,2020-05-13,20
20200512,SD,3663.0,49.0,5.0,39.0,,271.0,21534.0,2309.0,25197.0,25197.0,2020-05-12,20
20200511,SD,3614.0,97.0,0.0,34.0,,263.0,20964.0,2187.0,24578.0,24578.0,2020-05-11,20
20200510,SD,3517.0,124.0,0.0,34.0,,261.0,20377.0,2147.0,23894.0,23894.0,2020-05-10,19
20200509,SD,3393.0,249.0,3.0,34.0,,253.0,19559.0,2125.0,22952.0,22952.0,2020-05-09,19
20200508,SD,3144.0,239.0,0.0,31.0,,247.0,18149.0,2069.0,21293.0,21293.0,2020-05-08,19
20200507,SD,2905.0,126.0,2.0,31.0,,236.0,17209.0,2028.0,20114.0,20114.0,2020-05-07,19
20200506,SD,2779.0,58.0,5.0,29.0,,230.0,16637.0,1977.0,19416.0,19416.0,2020-05-06,19
20200505,SD,2721.0,53.0,3.0,24.0,,220.0,16301.0,1895.0,19022.0,19022.0,2020-05-05,19
20200504,SD,2668.0,37.0,0.0,21.0,,211.0,16045.0,1830.0,18713.0,18713.0,2020-05-04,19
20200503,SD,2631.0,43.0,0.0,21.0,,197.0,15786.0,1799.0,18417.0,18417.0,2020-05-03,18
20200502,SD,2588.0,63.0,0.0,21.0,,187.0,15503.0,1759.0,18091.0,18091.0,2020-05-02,18
20200501,SD,2525.0,76.0,4.0,21.0,,179.0,14838.0,1686.0,17363.0,17363.0,2020-05-01,18
20200430,SD,2449.0,76.0,4.0,17.0,,173.0,14579.0,1573.0,17028.0,17028.0,2020-04-30,18
20200429,SD,2373.0,60.0,2.0,13.0,,165.0,14460.0,1492.0,16833.0,16833.0,2020-04-29,18
20200428,SD,2313.0,68.0,0.0,11.0,,157.0,14299.0,1392.0,16612.0,16612.0,2020-04-28,18
20200427,SD,2245.0,33.0,0.0,11.0,,150.0,14130.0,1316.0,16375.0,16375.0,2020-04-27,18
20200426,SD,2212.0,65.0,1.0,11.0,,135.0,14062.0,1257.0,16274.0,16274.0,2020-04-26,17
20200425,SD,2147.0,107.0,0.0,10.0,,128.0,13449.0,1223.0,15596.0,15596.0,2020-04-25,17
20200424,SD,2040.0,84.0,1.0,10.0,,124.0,12784.0,1190.0,14824.0,14824.0,2020-04-24,17
20200423,SD,1956.0,98.0,1.0,9.0,,119.0,12109.0,1064.0,14065.0,14065.0,2020-04-23,17
20200422,SD,1858.0,103.0,0.0,8.0,,111.0,11588.0,937.0,13446.0,13446.0,2020-04-22,17
20200421,SD,1755.0,70.0,1.0,8.0,,100.0,11060.0,824.0,12815.0,12815.0,2020-04-21,17
20200420,SD,1685.0,50.0,0.0,7.0,,87.0,10641.0,709.0,12326.0,12326.0,2020-04-20,17
20200419,SD,1635.0,93.0,0.0,7.0,,74.0,10427.0,646.0,12062.0,12062.0,2020-04-19,16
20200418,SD,1542.0,131.0,0.0,7.0,,68.0,10118.0,552.0,11661.0,11660.0,2020-04-18,16
20200417,SD,1411.0,100.0,0.0,7.0,,63.0,9651.0,457.0,11062.0,11062.0,2020-04-17,16
20200416,SD,1311.0,143.0,1.0,7.0,,55.0,9239.0,373.0,10552.0,10550.0,2020-04-16,16
20200415,SD,1168.0,180.0,0.0,6.0,,51.0,8691.0,329.0,9859.0,9859.0,2020-04-15,16
20200414,SD,988.0,120.0,0.0,6.0,,45.0,8308.0,261.0,9296.0,9296.0,2020-04-14,16
20200413,SD,868.0,138.0,0.0,6.0,,44.0,8134.0,207.0,9002.0,9002.0,2020-04-13,16
20200412,SD,730.0,104.0,0.0,6.0,,43.0,7823.0,197.0,8553.0,8553.0,2020-04-12,15
20200411,SD,626.0,90.0,0.0,6.0,,33.0,7378.0,189.0,8006.0,8004.0,2020-04-11,15
20200410,SD,536.0,89.0,0.0,6.0,,29.0,7111.0,177.0,7647.0,7647.0,2020-04-10,15
20200409,SD,447.0,54.0,0.0,6.0,,27.0,6700.0,161.0,7147.0,7147.0,2020-04-09,15
20200408,SD,393.0,73.0,0.0,6.0,,26.0,6355.0,146.0,6748.0,6748.0,2020-04-08,15
20200407,SD,320.0,32.0,2.0,6.0,,23.0,5948.0,98.0,6270.0,6268.0,2020-04-07,15
20200406,SD,288.0,48.0,2.0,4.0,,23.0,5732.0,91.0,6020.0,6020.0,2020-04-06,15
20200405,SD,240.0,28.0,0.0,2.0,,22.0,5353.0,84.0,5593.0,5593.0,2020-04-05,14
20200404,SD,212.0,25.0,0.0,2.0,,19.0,5012.0,76.0,5225.0,5224.0,2020-04-04,14
20200403,SD,187.0,22.0,0.0,2.0,,17.0,4593.0,69.0,4783.0,4780.0,2020-04-03,14
20200402,SD,165.0,36.0,0.0,2.0,,17.0,4217.0,57.0,4382.0,4382.0,2020-04-02,14
20200401,SD,129.0,21.0,1.0,2.0,,12.0,3903.0,51.0,4032.0,4032.0,2020-04-01,14
20200331,SD,108.0,7.0,0.0,1.0,,12.0,3609.0,44.0,3717.0,3717.0,2020-03-31,14
20200330,SD,101.0,11.0,0.0,1.0,,,3478.0,34.0,3579.0,3579.0,2020-03-30,14
20200329,SD,90.0,22.0,0.0,1.0,,,3127.0,29.0,3218.0,3217.0,2020-03-29,13
20200328,SD,68.0,10.0,0.0,1.0,,,2592.0,26.0,2660.0,2660.0,2020-03-28,13
20200327,SD,58.0,12.0,0.0,1.0,,,2387.0,21.0,2465.0,2445.0,2020-03-27,13
20200326,SD,46.0,5.0,0.0,1.0,,,1973.0,16.0,2144.0,2019.0,2020-03-26,13
20200325,SD,41.0,11.0,0.0,1.0,,,819.0,,1128.0,860.0,2020-03-25,13
20200324,SD,30.0,2.0,0.0,1.0,,,790.0,,1088.0,820.0,2020-03-24,13
20200323,SD,28.0,7.0,0.0,1.0,,,762.0,,1055.0,790.0,2020-03-23,13
20200322,SD,21.0,7.0,0.0,1.0,,,740.0,,1038.0,761.0,2020-03-22,12
20200321,SD,14.0,0.0,0.0,1.0,,,691.0,,973.0,705.0,2020-03-21,12
20200320,SD,14.0,3.0,0.0,1.0,,,663.0,,947.0,677.0,2020-03-20,12
20200319,SD,11.0,0.0,0.0,1.0,,,551.0,,947.0,562.0,2020-03-19,12
20200318,SD,11.0,0.0,1.0,1.0,,,551.0,,912.0,562.0,2020-03-18,12
20200317,SD,11.0,1.0,0.0,,,,551.0,,597.0,562.0,2020-03-17,12
20200316,SD,10.0,1.0,0.0,,,,494.0,,504.0,504.0,2020-03-16,12
20200315,SD,9.0,0.0,0.0,,,,327.0,,342.0,336.0,2020-03-15,11
20200314,SD,9.0,0.0,0.0,,,,182.0,,194.0,191.0,2020-03-14,11
20200313,SD,9.0,1.0,0.0,,,,73.0,,93.0,82.0,2020-03-13,11
20200312,SD,8.0,3.0,0.0,,,,27.0,,46.0,35.0,2020-03-12,11
20200311,SD,5.0,5.0,0.0,,,,13.0,,20.0,18.0,2020-03-11,11
20200310,SD,0.0,0.0,0.0,,,,11.0,,11.0,11.0,2020-03-10,11
20200309,SD,0.0,0.0,0.0,,,,5.0,,5.0,5.0,2020-03-09,11
20200308,SD,0.0,0.0,0.0,,,,5.0,,5.0,5.0,2020-03-08,10
20200307,SD,0.0,0.0,0.0,,,,5.0,,5.0,5.0,2020-03-07,10
20200823,MD,104102.0,579.0,6.0,3691.0,139.0,13956.0,1128794.0,6047.0,1232896.0,1232896.0,2020-08-23,34
20200822,MD,103523.0,624.0,11.0,3685.0,139.0,13864.0,1116918.0,6047.0,1220441.0,1220441.0,2020-08-22,34
20200821,MD,102899.0,670.0,5.0,3674.0,138.0,13823.0,1101368.0,6047.0,1204267.0,1204267.0,2020-08-21,34
20200820,MD,102229.0,580.0,8.0,3669.0,138.0,13785.0,1085447.0,6040.0,1187676.0,1187676.0,2020-08-20,34
20200819,MD,101649.0,414.0,11.0,3661.0,139.0,13744.0,1074119.0,6030.0,1175768.0,1175768.0,2020-08-19,34
20200818,MD,101235.0,520.0,9.0,3650.0,139.0,13698.0,1066070.0,6008.0,1167305.0,1167305.0,2020-08-18,34
20200817,MD,100715.0,503.0,2.0,3641.0,137.0,13658.0,1056897.0,6008.0,1157612.0,1157612.0,2020-08-17,34
20200816,MD,100212.0,519.0,3.0,3639.0,137.0,13614.0,1042198.0,6004.0,1142410.0,1142410.0,2020-08-16,33
20200815,MD,99693.0,818.0,5.0,3636.0,137.0,13556.0,1027959.0,5995.0,1127652.0,1127652.0,2020-08-15,33
20200814,MD,98875.0,715.0,11.0,3631.0,136.0,13508.0,1011398.0,5986.0,1110273.0,1110273.0,2020-08-14,33
20200813,MD,98160.0,776.0,8.0,3620.0,137.0,13463.0,996934.0,5962.0,1095094.0,1095094.0,2020-08-13,33
20200812,MD,97384.0,541.0,8.0,3612.0,138.0,13348.0,981454.0,5956.0,1078838.0,1078838.0,2020-08-12,33
20200811,MD,96843.0,585.0,13.0,3604.0,137.0,13266.0,970616.0,5935.0,1067459.0,1067459.0,2020-08-11,33
20200810,MD,96258.0,755.0,6.0,3591.0,137.0,13247.0,960552.0,5910.0,1056810.0,1056810.0,2020-08-10,33
20200809,MD,95503.0,922.0,8.0,3585.0,137.0,13177.0,943842.0,5910.0,1039345.0,1039345.0,2020-08-09,32
20200808,MD,94581.0,775.0,12.0,3577.0,137.0,13105.0,924942.0,5899.0,1019523.0,1019523.0,2020-08-08,32
20200807,MD,93806.0,801.0,14.0,3565.0,136.0,13047.0,913018.0,5838.0,1006824.0,1006824.0,2020-08-07,32
20200806,MD,93005.0,579.0,15.0,3551.0,136.0,12978.0,899136.0,5790.0,992141.0,992141.0,2020-08-06,32
20200805,MD,92426.0,572.0,6.0,3536.0,134.0,12922.0,889969.0,5749.0,982395.0,982395.0,2020-08-05,32
20200804,MD,91854.0,710.0,7.0,3530.0,134.0,12888.0,880492.0,5740.0,972346.0,972346.0,2020-08-04,32
20200803,MD,91144.0,870.0,8.0,3523.0,134.0,12832.0,869493.0,5740.0,960637.0,960637.0,2020-08-03,32
20200802,MD,90274.0,909.0,9.0,3515.0,134.0,12746.0,854512.0,5713.0,944786.0,944786.0,2020-08-02,31
20200801,MD,89365.0,1019.0,13.0,3506.0,132.0,12672.0,839989.0,5713.0,929354.0,929354.0,2020-08-01,31
20200731,MD,88346.0,1169.0,5.0,3493.0,131.0,12593.0,822845.0,5689.0,911191.0,911191.0,2020-07-31,31
20200730,MD,87177.0,892.0,10.0,3488.0,131.0,12500.0,806788.0,5592.0,893965.0,893965.0,2020-07-30,31
20200729,MD,86285.0,761.0,20.0,3478.0,131.0,12448.0,792674.0,5592.0,878959.0,878959.0,2020-07-29,31
20200728,MD,85524.0,648.0,11.0,3458.0,131.0,12389.0,782732.0,5592.0,868256.0,868256.0,2020-07-28,31
20200727,MD,84876.0,1128.0,7.0,3447.0,132.0,12339.0,770642.0,5434.0,855518.0,855518.0,2020-07-27,31
20200726,MD,83748.0,694.0,7.0,3440.0,131.0,12283.0,754824.0,5434.0,838572.0,838572.0,2020-07-26,30
20200725,MD,83054.0,1288.0,11.0,3433.0,129.0,12188.0,742272.0,5434.0,825326.0,825326.0,2020-07-25,30
20200724,MD,81766.0,930.0,13.0,3422.0,129.0,12119.0,722584.0,5434.0,804350.0,804350.0,2020-07-24,30
20200723,MD,80836.0,664.0,4.0,3409.0,128.0,12037.0,708205.0,5434.0,789041.0,789041.0,2020-07-23,30
20200722,MD,80172.0,627.0,3.0,3405.0,129.0,11997.0,702661.0,5434.0,782833.0,782833.0,2020-07-22,30
20200721,MD,79545.0,860.0,20.0,3402.0,130.0,11949.0,684822.0,5380.0,764367.0,764367.0,2020-07-21,30
20200720,MD,78685.0,554.0,5.0,3382.0,130.0,11897.0,670594.0,5344.0,749279.0,749279.0,2020-07-20,30
20200719,MD,78131.0,925.0,9.0,3377.0,130.0,11841.0,661654.0,5344.0,739785.0,739785.0,2020-07-19,29
20200718,MD,77206.0,835.0,9.0,3368.0,130.0,11788.0,643780.0,5344.0,720986.0,720986.0,2020-07-18,29
20200717,MD,76371.0,707.0,12.0,3359.0,132.0,11728.0,631845.0,5286.0,708216.0,708216.0,2020-07-17,29
20200716,MD,75664.0,648.0,6.0,3347.0,132.0,11687.0,616865.0,5286.0,692529.0,692529.0,2020-07-16,29
20200715,MD,75016.0,756.0,7.0,3341.0,132.0,11625.0,605072.0,5238.0,680088.0,680088.0,2020-07-15,29
20200714,MD,74260.0,733.0,9.0,3334.0,132.0,11485.0,591809.0,5238.0,666069.0,666069.0,2020-07-14,29
20200713,MD,73527.0,418.0,6.0,3325.0,131.0,11467.0,578430.0,5230.0,651957.0,651957.0,2020-07-13,29
20200712,MD,73109.0,642.0,9.0,3319.0,131.0,11420.0,570282.0,5230.0,643391.0,643391.0,2020-07-12,28
20200711,MD,72467.0,557.0,7.0,3310.0,131.0,11353.0,556810.0,5190.0,629277.0,629277.0,2020-07-11,28
20200710,MD,71910.0,463.0,15.0,3303.0,131.0,11300.0,549153.0,5157.0,621063.0,621063.0,2020-07-10,28
20200709,MD,71447.0,586.0,13.0,3288.0,128.0,11221.0,541134.0,5132.0,612581.0,612581.0,2020-07-09,28
20200708,MD,70861.0,465.0,9.0,3275.0,126.0,11184.0,532247.0,5085.0,603108.0,603108.0,2020-07-08,28
20200707,MD,70396.0,492.0,20.0,3266.0,126.0,11111.0,523982.0,5036.0,594378.0,594378.0,2020-07-07,28
20200706,MD,69904.0,272.0,3.0,3246.0,125.0,11096.0,517457.0,5029.0,587361.0,587361.0,2020-07-06,28
20200705,MD,69632.0,291.0,7.0,3243.0,125.0,11071.0,510330.0,5029.0,579962.0,579962.0,2020-07-05,27
20200704,MD,69341.0,380.0,13.0,3236.0,125.0,11034.0,504001.0,5025.0,573342.0,573342.0,2020-07-04,27
20200703,MD,68961.0,538.0,11.0,3223.0,124.0,10973.0,494873.0,5023.0,563834.0,563834.0,2020-07-03,27
20200702,MD,68423.0,505.0,7.0,3212.0,126.0,10939.0,484752.0,5013.0,553175.0,553175.0,2020-07-02,27
20200701,MD,67918.0,359.0,15.0,3205.0,128.0,10902.0,474686.0,5001.0,542604.0,542604.0,2020-07-01,27
20200630,MD,67559.0,305.0,15.0,3190.0,128.0,10844.0,468296.0,4982.0,535855.0,535855.0,2020-06-30,27
20200629,MD,67254.0,477.0,7.0,3175.0,127.0,10822.0,462059.0,4979.0,529313.0,529313.0,2020-06-29,27
20200628,MD,66777.0,327.0,11.0,3168.0,126.0,10793.0,452696.0,4976.0,519473.0,519473.0,2020-06-28,26
20200627,MD,66450.0,335.0,15.0,3157.0,127.0,10751.0,447366.0,4935.0,513816.0,513816.0,2020-06-27,26
20200626,MD,66115.0,338.0,13.0,3142.0,127.0,10725.0,440282.0,4903.0,506397.0,506397.0,2020-06-26,26
20200625,MD,65777.0,440.0,21.0,3129.0,128.0,10683.0,433182.0,4874.0,498959.0,498959.0,2020-06-25,26
20200624,MD,65337.0,330.0,16.0,3108.0,130.0,10648.0,425120.0,4810.0,490457.0,490457.0,2020-06-24,26
20200623,MD,65007.0,404.0,18.0,3092.0,129.0,10611.0,418528.0,4797.0,483535.0,483535.0,2020-06-23,26
20200622,MD,64603.0,297.0,8.0,3074.0,129.0,10572.0,410122.0,4776.0,474725.0,474725.0,2020-06-22,26
20200621,MD,64306.0,350.0,14.0,3066.0,129.0,10544.0,404725.0,4773.0,469031.0,469031.0,2020-06-21,25
20200620,MD,63956.0,408.0,22.0,3052.0,129.0,10497.0,398324.0,4745.0,462280.0,462280.0,2020-06-20,25
20200619,MD,63548.0,319.0,14.0,3030.0,129.0,10447.0,390121.0,4685.0,453669.0,453669.0,2020-06-19,25
20200618,MD,63229.0,260.0,20.0,3016.0,130.0,10357.0,384379.0,4640.0,447608.0,447608.0,2020-06-18,25
20200617,MD,62969.0,560.0,14.0,2996.0,130.0,10309.0,378374.0,4596.0,441343.0,441343.0,2020-06-17,25
20200616,MD,62409.0,377.0,35.0,2982.0,131.0,10262.0,366816.0,4579.0,429225.0,429225.0,2020-06-16,25
20200615,MD,62032.0,331.0,8.0,2947.0,130.0,10222.0,359076.0,4567.0,421108.0,421108.0,2020-06-15,25
20200614,MD,61701.0,396.0,13.0,2939.0,128.0,10165.0,353608.0,4541.0,415309.0,415309.0,2020-06-14,24
20200613,MD,61305.0,692.0,26.0,2926.0,127.0,10053.0,347453.0,4536.0,408758.0,408758.0,2020-06-13,24
20200612,MD,60613.0,416.0,25.0,2900.0,127.0,9923.0,339482.0,4474.0,400095.0,400095.0,2020-06-12,24
20200611,MD,60197.0,732.0,31.0,2875.0,125.0,9789.0,332173.0,4365.0,392370.0,392370.0,2020-06-11,24
20200610,MD,59465.0,561.0,33.0,2844.0,125.0,9755.0,325177.0,4310.0,384642.0,384642.0,2020-06-10,24
20200609,MD,58904.0,500.0,35.0,2811.0,125.0,9676.0,319178.0,4279.0,378082.0,378082.0,2020-06-09,24
20200608,MD,58404.0,431.0,27.0,2776.0,123.0,9629.0,313099.0,4240.0,371503.0,371503.0,2020-06-08,24
20200607,MD,57973.0,491.0,9.0,2749.0,124.0,9546.0,306830.0,4240.0,364803.0,364803.0,2020-06-07,23
20200606,MD,57482.0,712.0,38.0,2740.0,124.0,9451.0,299894.0,4175.0,357376.0,357376.0,2020-06-06,23
20200605,MD,56770.0,912.0,34.0,2702.0,122.0,9346.0,290956.0,4159.0,347726.0,347726.0,2020-06-05,23
20200604,MD,55858.0,876.0,2.0,2668.0,122.0,9217.0,281160.0,3985.0,337018.0,337018.0,2020-06-04,23
20200603,MD,54982.0,807.0,20.0,2666.0,122.0,9111.0,272643.0,3970.0,327625.0,327625.0,2020-06-03,23
20200602,MD,54175.0,848.0,21.0,2646.0,121.0,8957.0,261640.0,3855.0,315815.0,315815.0,2020-06-02,23
20200601,MD,53327.0,549.0,29.0,2625.0,120.0,8886.0,255403.0,3782.0,308730.0,308730.0,2020-06-01,23
20200531,MD,52778.0,763.0,34.0,2596.0,120.0,8738.0,249103.0,3764.0,301881.0,301881.0,2020-05-31,22
20200530,MD,52015.0,1027.0,24.0,2562.0,118.0,8619.0,241931.0,3649.0,293946.0,293946.0,2020-05-30,22
20200529,MD,50988.0,1279.0,37.0,2538.0,117.0,8479.0,233530.0,3571.0,284518.0,284518.0,2020-05-29,22
20200528,MD,49709.0,1286.0,43.0,2501.0,115.0,8392.0,225149.0,3468.0,274858.0,274858.0,2020-05-28,22
20200527,MD,48423.0,736.0,41.0,2458.0,115.0,8281.0,213632.0,3401.0,262055.0,262055.0,2020-05-27,22
20200526,MD,47687.0,535.0,38.0,2417.0,115.0,8179.0,206800.0,3334.0,254487.0,254487.0,2020-05-26,22
20200525,MD,47152.0,839.0,38.0,2379.0,112.0,8092.0,202425.0,3329.0,249577.0,249577.0,2020-05-25,22
20200524,MD,46313.0,818.0,35.0,2341.0,112.0,7939.0,194049.0,3319.0,240362.0,240362.0,2020-05-24,21
20200523,MD,45495.0,1071.0,32.0,2306.0,109.0,7825.0,186832.0,3283.0,232327.0,232327.0,2020-05-23,21
20200522,MD,44424.0,893.0,53.0,2274.0,105.0,7634.0,183478.0,3243.0,227902.0,227902.0,2020-05-22,21
20200521,MD,43531.0,1208.0,23.0,2221.0,105.0,7485.0,176702.0,3099.0,220233.0,220233.0,2020-05-21,21
20200520,MD,42323.0,777.0,34.0,2198.0,105.0,7393.0,173007.0,2993.0,215330.0,215330.0,2020-05-20,21
20200519,MD,41546.0,1784.0,42.0,2164.0,103.0,7199.0,167112.0,2868.0,208658.0,208658.0,2020-05-19,21
20200518,MD,39762.0,958.0,32.0,2122.0,102.0,7086.0,161744.0,2817.0,201506.0,201506.0,2020-05-18,21
20200517,MD,38804.0,836.0,50.0,2090.0,101.0,6993.0,156122.0,2816.0,194926.0,194926.0,2020-05-17,20
20200516,MD,37968.0,982.0,49.0,2040.0,97.0,6755.0,152207.0,2806.0,190175.0,190175.0,2020-05-16,20
20200515,MD,36986.0,1083.0,56.0,1991.0,95.0,6679.0,145840.0,2685.0,182826.0,182826.0,2020-05-15,20
20200514,MD,35903.0,1091.0,54.0,1935.0,95.0,6553.0,142551.0,2569.0,178454.0,178454.0,2020-05-14,20
20200513,MD,34812.0,751.0,47.0,1881.0,94.0,6404.0,138762.0,2456.0,173574.0,173574.0,2020-05-13,20
20200512,MD,34061.0,688.0,46.0,1834.0,92.0,6287.0,135442.0,2394.0,169503.0,169503.0,2020-05-12,20
20200511,MD,33373.0,786.0,49.0,1788.0,90.0,6183.0,131407.0,2298.0,164780.0,164780.0,2020-05-11,20
20200510,MD,32587.0,1053.0,47.0,1739.0,87.0,5955.0,127344.0,2293.0,159931.0,159931.0,2020-05-10,19
20200509,MD,31534.0,1049.0,49.0,1692.0,83.0,5932.0,124494.0,2159.0,156028.0,156028.0,2020-05-09,19
20200508,MD,30485.0,1111.0,63.0,1643.0,82.0,5811.0,121702.0,2041.0,152187.0,152187.0,2020-05-08,19
20200507,MD,29374.0,1211.0,60.0,1580.0,80.0,5663.0,119226.0,2029.0,148600.0,148600.0,2020-05-07,19
20200506,MD,28163.0,1046.0,44.0,1520.0,76.0,5497.0,115849.0,1903.0,144012.0,144012.0,2020-05-06,19
20200505,MD,27117.0,709.0,52.0,1476.0,74.0,5337.0,112986.0,1810.0,140103.0,140103.0,2020-05-05,19
20200504,MD,26408.0,946.0,52.0,1424.0,71.0,5199.0,110587.0,1695.0,136995.0,136995.0,2020-05-04,19
20200503,MD,25462.0,989.0,49.0,1372.0,70.0,5051.0,107332.0,1666.0,132794.0,132794.0,2020-05-03,18
20200502,MD,24473.0,1001.0,47.0,1323.0,65.0,4910.0,101049.0,1590.0,125522.0,125522.0,2020-05-02,18
20200501,MD,23472.0,1730.0,50.0,1276.0,62.0,4718.0,97511.0,1517.0,120983.0,120983.0,2020-05-01,18
20200430,MD,21742.0,893.0,58.0,1226.0,59.0,4559.0,92617.0,1432.0,114359.0,114359.0,2020-04-30,18
20200429,MD,20849.0,736.0,69.0,1168.0,58.0,4402.0,90080.0,1361.0,110929.0,110929.0,2020-04-29,18
20200428,MD,20113.0,626.0,54.0,1099.0,57.0,4268.0,87672.0,1295.0,107785.0,107785.0,2020-04-28,18
20200427,MD,19487.0,906.0,44.0,1045.0,55.0,4101.0,85489.0,1263.0,104976.0,104976.0,2020-04-27,18
20200426,MD,18581.0,815.0,53.0,1001.0,51.0,3962.0,78084.0,1177.0,96665.0,96665.0,2020-04-26,17
20200425,MD,17766.0,1150.0,49.0,948.0,48.0,3760.0,71357.0,1165.0,89123.0,89123.0,2020-04-25,17
20200424,MD,16616.0,879.0,68.0,899.0,46.0,3618.0,68100.0,1108.0,84716.0,84716.0,2020-04-24,17
20200423,MD,15737.0,962.0,52.0,831.0,42.0,3477.0,64363.0,1040.0,80100.0,80100.0,2020-04-23,17
20200422,MD,14775.0,582.0,47.0,779.0,41.0,3325.0,61754.0,981.0,76529.0,76529.0,2020-04-22,17
20200421,MD,14193.0,509.0,49.0,732.0,40.0,3158.0,59442.0,930.0,73635.0,73635.0,2020-04-21,17
20200420,MD,13684.0,854.0,57.0,683.0,39.0,3014.0,57713.0,917.0,71397.0,71397.0,2020-04-20,17
20200419,MD,12830.0,522.0,44.0,626.0,34.0,2886.0,55061.0,914.0,67891.0,67891.0,2020-04-19,16
20200418,MD,12308.0,736.0,41.0,582.0,32.0,2757.0,53062.0,771.0,65370.0,65370.0,2020-04-18,16
20200417,MD,11572.0,788.0,42.0,541.0,29.0,2612.0,50437.0,736.0,62009.0,62009.0,2020-04-17,16
20200416,MD,10784.0,752.0,30.0,499.0,28.0,2451.0,48059.0,736.0,58843.0,58843.0,2020-04-16,16
20200415,MD,10032.0,560.0,48.0,469.0,28.0,2231.0,45731.0,607.0,55763.0,55763.0,2020-04-15,16
20200414,MD,9472.0,536.0,37.0,421.0,25.0,2122.0,44261.0,607.0,53733.0,53733.0,2020-04-14,16
20200413,MD,8936.0,711.0,49.0,384.0,24.0,1975.0,42815.0,603.0,51751.0,51751.0,2020-04-13,16
20200412,MD,8225.0,531.0,37.0,335.0,18.0,1860.0,41539.0,456.0,49764.0,49764.0,2020-04-12,15
20200411,MD,7694.0,726.0,43.0,298.0,12.0,1709.0,39544.0,431.0,47238.0,47238.0,2020-04-11,15
20200410,MD,6968.0,783.0,34.0,255.0,11.0,1413.0,37480.0,397.0,44448.0,44448.0,2020-04-10,15
20200409,MD,6185.0,656.0,30.0,221.0,11.0,1348.0,35344.0,376.0,41529.0,41529.0,2020-04-09,15
20200408,MD,5529.0,1158.0,31.0,191.0,10.0,1210.0,32933.0,365.0,38462.0,38462.0,2020-04-08,15
20200407,MD,4371.0,326.0,22.0,160.0,8.0,1106.0,27256.0,288.0,31627.0,31627.0,2020-04-07,15
20200406,MD,4045.0,436.0,16.0,138.0,7.0,1059.0,25572.0,184.0,29617.0,29617.0,2020-04-06,15
20200405,MD,3609.0,484.0,21.0,122.0,7.0,936.0,24728.0,159.0,28337.0,28337.0,2020-04-05,14
20200404,MD,3125.0,367.0,17.0,101.0,7.0,821.0,22485.0,159.0,25610.0,25610.0,2020-04-04,14
20200403,MD,2758.0,427.0,20.0,84.0,5.0,664.0,20932.0,159.0,23690.0,23690.0,2020-04-03,14
20200402,MD,2331.0,346.0,12.0,64.0,4.0,582.0,18890.0,81.0,21221.0,21221.0,2020-04-02,14
20200401,MD,1985.0,325.0,9.0,52.0,2.0,522.0,17233.0,,19218.0,19218.0,2020-04-01,14
20200331,MD,1660.0,247.0,8.0,43.0,1.0,429.0,14868.0,,16528.0,16528.0,2020-03-31,14
20200330,MD,1413.0,174.0,11.0,35.0,1.0,353.0,13316.0,,14729.0,14729.0,2020-03-30,14
20200329,MD,1239.0,247.0,7.0,24.0,1.0,277.0,12354.0,,13593.0,13593.0,2020-03-29,13
20200328,MD,992.0,218.0,7.0,17.0,,226.0,11516.0,,12508.0,12508.0,2020-03-28,13
20200327,MD,774.0,194.0,3.0,10.0,,173.0,94.0,25.0,868.0,868.0,2020-03-27,13
20200326,MD,580.0,157.0,2.0,7.0,,132.0,94.0,,674.0,674.0,2020-03-26,13
20200325,MD,423.0,74.0,0.0,5.0,,,94.0,,517.0,517.0,2020-03-25,13
20200324,MD,349.0,61.0,1.0,5.0,,,94.0,,443.0,443.0,2020-03-24,13
20200323,MD,288.0,44.0,0.0,4.0,,,94.0,,382.0,382.0,2020-03-23,13
20200322,MD,244.0,54.0,1.0,4.0,,,94.0,,338.0,338.0,2020-03-22,12
20200321,MD,190.0,41.0,0.0,3.0,,,94.0,,284.0,284.0,2020-03-21,12
20200320,MD,149.0,42.0,1.0,3.0,,,94.0,,243.0,243.0,2020-03-20,12
20200319,MD,107.0,22.0,0.0,2.0,,,94.0,,201.0,201.0,2020-03-19,12
20200318,MD,85.0,28.0,2.0,2.0,,,94.0,,179.0,179.0,2020-03-18,12
20200317,MD,57.0,20.0,-2.0,,,,94.0,,151.0,151.0,2020-03-17,12
20200316,MD,37.0,6.0,2.0,2.0,,,94.0,,131.0,131.0,2020-03-16,12
20200315,MD,31.0,5.0,0.0,,,,94.0,,125.0,125.0,2020-03-15,11
20200314,MD,26.0,9.0,0.0,,,,94.0,,120.0,120.0,2020-03-14,11
20200313,MD,17.0,5.0,0.0,,,,94.0,,111.0,111.0,2020-03-13,11
20200312,MD,12.0,3.0,0.0,,,,94.0,,106.0,106.0,2020-03-12,11
20200311,MD,9.0,3.0,0.0,,,,94.0,,103.0,103.0,2020-03-11,11
20200310,MD,6.0,1.0,0.0,,,,89.0,,95.0,95.0,2020-03-10,11
20200309,MD,5.0,2.0,0.0,,,,73.0,,78.0,78.0,2020-03-09,11
20200308,MD,3.0,0.0,0.0,,,,52.0,,55.0,55.0,2020-03-08,10
20200307,MD,3.0,0.0,0.0,,,,41.0,,44.0,44.0,2020-03-07,10
20200306,MD,3.0,3.0,0.0,,,,26.0,,41.0,29.0,2020-03-06,10
20200305,MD,0.0,0.0,0.0,,,,17.0,,31.0,17.0,2020-03-05,10
20200823,GA,253949.0,1727.0,40.0,5132.0,,23369.0,1917935.0,,2171884.0,2171884.0,2020-08-23,34
20200822,GA,252222.0,2592.0,94.0,5092.0,,23325.0,1896948.0,,2149170.0,2149170.0,2020-08-22,34
20200821,GA,249630.0,2889.0,94.0,4998.0,,23125.0,1870472.0,,2120102.0,2120102.0,2020-08-21,34
20200820,GA,246741.0,2759.0,55.0,4904.0,,22880.0,1850094.0,,2096835.0,2096835.0,2020-08-20,34
20200819,GA,243982.0,2305.0,55.0,4849.0,,22664.0,1831715.0,,2075697.0,2075697.0,2020-08-19,34
20200818,GA,241677.0,2816.0,67.0,4794.0,,22429.0,1818642.0,,2060319.0,2060319.0,2020-08-18,34
20200817,GA,238861.0,1831.0,25.0,4727.0,,22133.0,1788556.0,,2027417.0,2027417.0,2020-08-17,34
20200816,GA,237030.0,1862.0,33.0,4702.0,,22087.0,1768243.0,,2005273.0,2005273.0,2020-08-16,33
20200815,GA,235168.0,3273.0,96.0,4669.0,,22028.0,1752898.0,,1988066.0,1988066.0,2020-08-15,33
20200814,GA,231895.0,3227.0,35.0,4573.0,,21818.0,1738158.0,,1970053.0,1970053.0,2020-08-14,33
20200813,GA,228668.0,2515.0,82.0,4538.0,,21581.0,1713942.0,,1942610.0,1942610.0,2020-08-13,33
20200812,GA,226153.0,3565.0,105.0,4456.0,,21379.0,1690589.0,,1916742.0,1916742.0,2020-08-12,33
20200811,GA,222588.0,3563.0,122.0,4351.0,,21031.0,1672897.0,,1895485.0,1895485.0,2020-08-11,33
20200810,GA,219025.0,2429.0,30.0,4229.0,,20676.0,1642937.0,,1861962.0,1861962.0,2020-08-10,33
20200809,GA,216596.0,3169.0,13.0,4199.0,,20628.0,1618452.0,,1835048.0,1835048.0,2020-08-09,32
20200808,GA,213427.0,4423.0,69.0,4186.0,,20556.0,1584539.0,,1797966.0,1797966.0,2020-08-08,32
20200807,GA,209004.0,4109.0,91.0,4117.0,,20282.0,1544125.0,,1753129.0,1753129.0,2020-08-07,32
20200806,GA,204895.0,3182.0,42.0,4026.0,,20002.0,1519867.0,,1724762.0,1724762.0,2020-08-06,32
20200805,GA,201713.0,3765.0,63.0,3984.0,,19788.0,1493511.0,,1695224.0,1695224.0,2020-08-05,32
20200804,GA,197948.0,2513.0,79.0,3921.0,,19426.0,1466464.0,,1664412.0,1664412.0,2020-08-04,32
20200803,GA,195435.0,2258.0,2.0,3842.0,,19124.0,1450966.0,,1646401.0,1646401.0,2020-08-03,32
20200802,GA,193177.0,3165.0,15.0,3840.0,,19064.0,1431463.0,,1624640.0,1624640.0,2020-08-02,31
20200801,GA,190012.0,3660.0,73.0,3825.0,,18995.0,1406073.0,,1596085.0,1596085.0,2020-08-01,31
20200731,GA,186352.0,4066.0,81.0,3752.0,,18689.0,1388335.0,,1574687.0,1574687.0,2020-07-31,31
20200730,GA,182286.0,3963.0,29.0,3671.0,,18303.0,1359103.0,,1541389.0,1541389.0,2020-07-30,31
20200729,GA,178323.0,3271.0,79.0,3642.0,,17964.0,1334141.0,,1512464.0,1512464.0,2020-07-29,31
20200728,GA,175052.0,4209.0,54.0,3563.0,,17544.0,1312274.0,,1487326.0,1487326.0,2020-07-28,31
20200727,GA,170843.0,2890.0,11.0,3509.0,,17138.0,1282120.0,,1452963.0,1452963.0,2020-07-27,31
20200726,GA,167953.0,2765.0,3.0,3498.0,,17091.0,1260992.0,,1428945.0,1428945.0,2020-07-26,30
20200725,GA,165188.0,3787.0,53.0,3495.0,,17029.0,1242652.0,,1407840.0,1407840.0,2020-07-25,30
20200724,GA,161401.0,4813.0,82.0,3442.0,,16752.0,1221043.0,,1382444.0,1382444.0,2020-07-24,30
20200723,GA,156588.0,4286.0,25.0,3360.0,,16353.0,1180350.0,,1336938.0,1336938.0,2020-07-23,30
20200722,GA,152302.0,3314.0,81.0,3335.0,,15922.0,1164542.0,,1316844.0,1316844.0,2020-07-22,30
20200721,GA,148988.0,3413.0,78.0,3254.0,,15494.0,1146303.0,,1295291.0,1295291.0,2020-07-21,30
20200720,GA,145575.0,2452.0,3.0,3176.0,,15047.0,1128206.0,,1273781.0,1273781.0,2020-07-20,30
20200719,GA,143123.0,3251.0,5.0,3173.0,,15010.0,1112196.0,,1255319.0,1255319.0,2020-07-19,29
20200718,GA,139872.0,4689.0,36.0,3168.0,,14961.0,1091934.0,,1231806.0,1231806.0,2020-07-18,29
20200717,GA,135183.0,3908.0,28.0,3132.0,,14647.0,1063495.0,,1198678.0,1198678.0,2020-07-17,29
20200716,GA,131275.0,3441.0,13.0,3104.0,,14346.0,1046947.0,,1178222.0,1178222.0,2020-07-16,29
20200715,GA,127834.0,3871.0,37.0,3091.0,,14102.0,1027149.0,,1154983.0,1154983.0,2020-07-15,29
20200714,GA,123963.0,3394.0,28.0,3054.0,,13685.0,1007071.0,,1131034.0,1131034.0,2020-07-14,29
20200713,GA,120569.0,3643.0,25.0,3026.0,,13476.0,987398.0,,1107967.0,1107967.0,2020-07-13,29
20200712,GA,116926.0,2525.0,5.0,3001.0,,13259.0,966490.0,,1083416.0,1083416.0,2020-07-12,28
20200711,GA,114401.0,3190.0,31.0,2996.0,,13205.0,950472.0,,1064873.0,1064873.0,2020-07-11,28
20200710,GA,111211.0,4484.0,35.0,2965.0,,12937.0,935137.0,,1046348.0,1046348.0,2020-07-10,28
20200709,GA,106727.0,2837.0,8.0,2930.0,,12606.0,912695.0,,1019422.0,1019422.0,2020-07-09,28
20200708,GA,103890.0,3420.0,23.0,2922.0,,12500.0,896519.0,,1000409.0,1000409.0,2020-07-08,28
20200707,GA,100470.0,3406.0,21.0,2899.0,,12226.0,878982.0,,979452.0,979452.0,2020-07-07,28
20200706,GA,97064.0,1548.0,18.0,2878.0,,11919.0,861889.0,,958953.0,958953.0,2020-07-06,28
20200705,GA,95516.0,2197.0,3.0,2860.0,,11775.0,853669.0,,949185.0,949185.0,2020-07-05,27
20200704,GA,93319.0,2826.0,1.0,2857.0,,11743.0,833040.0,,926359.0,926359.0,2020-07-04,27
20200703,GA,90493.0,2784.0,7.0,2856.0,,11653.0,810724.0,,901217.0,901217.0,2020-07-03,27
20200702,GA,87709.0,3472.0,22.0,2849.0,,11500.0,795530.0,,883239.0,883239.0,2020-07-02,27
20200701,GA,84237.0,2946.0,22.0,2827.0,,11275.0,770801.0,,855038.0,855038.0,2020-07-01,27
20200630,GA,81291.0,1874.0,21.0,2805.0,,11051.0,752587.0,,833878.0,833878.0,2020-06-30,27
20200629,GA,79417.0,2207.0,6.0,2784.0,,10824.0,743700.0,,823117.0,823117.0,2020-06-29,27
20200628,GA,77210.0,2225.0,2.0,2778.0,,10711.0,729728.0,,806938.0,806938.0,2020-06-28,26
20200627,GA,74985.0,1990.0,6.0,2776.0,,10689.0,714828.0,,789813.0,789813.0,2020-06-27,26
20200626,GA,72995.0,1900.0,25.0,2770.0,,10605.0,698033.0,,771028.0,771028.0,2020-06-26,26
20200625,GA,71095.0,1714.0,47.0,2745.0,,10457.0,686829.0,,757924.0,757924.0,2020-06-25,26
20200624,GA,69381.0,1703.0,10.0,2698.0,,10313.0,673853.0,,743234.0,743234.0,2020-06-24,26
20200623,GA,67678.0,1750.0,40.0,2688.0,,10123.0,663583.0,,731261.0,731261.0,2020-06-23,26
20200622,GA,65928.0,1227.0,5.0,2648.0,,9953.0,642098.0,,708026.0,708026.0,2020-06-22,26
20200621,GA,64701.0,892.0,1.0,2643.0,,9837.0,633606.0,,698307.0,698307.0,2020-06-21,25
20200620,GA,63809.0,1800.0,6.0,2642.0,,9837.0,630575.0,,694384.0,694384.0,2020-06-20,25
20200619,GA,62009.0,1097.0,31.0,2636.0,,9772.0,608297.0,,670306.0,670306.0,2020-06-19,25
20200618,GA,60912.0,882.0,30.0,2605.0,,9663.0,602292.0,,663204.0,663204.0,2020-06-18,25
20200617,GA,60030.0,952.0,46.0,2575.0,,9543.0,590437.0,,650467.0,650467.0,2020-06-17,25
20200616,GA,59078.0,664.0,35.0,2529.0,,9454.0,575900.0,,634978.0,634978.0,2020-06-16,25
20200615,GA,58414.0,733.0,43.0,2494.0,,9322.0,572082.0,,630496.0,630496.0,2020-06-15,25
20200614,GA,57681.0,880.0,5.0,2451.0,,9248.0,563109.0,,620790.0,620790.0,2020-06-14,24
20200613,GA,56801.0,1018.0,28.0,2446.0,,9224.0,542879.0,,599680.0,599680.0,2020-06-13,24
20200612,GA,55783.0,810.0,43.0,2418.0,,9181.0,536175.0,,591958.0,591958.0,2020-06-12,24
20200611,GA,54973.0,993.0,46.0,2375.0,,9073.0,529268.0,,584241.0,584241.0,2020-06-11,24
20200610,GA,53980.0,731.0,44.0,2329.0,,8974.0,516975.0,,570955.0,570955.0,2020-06-10,24
20200609,GA,53249.0,752.0,77.0,2285.0,,8872.0,503934.0,,557183.0,557183.0,2020-06-09,24
20200608,GA,52497.0,599.0,28.0,2208.0,,8746.0,496878.0,,549375.0,549375.0,2020-06-08,24
20200607,GA,51898.0,589.0,6.0,2180.0,,8685.0,487986.0,,539884.0,539884.0,2020-06-07,23
20200606,GA,51309.0,688.0,0.0,2174.0,,8662.0,471548.0,,522857.0,522857.0,2020-06-06,23
20200605,GA,50621.0,774.0,27.0,2174.0,,8646.0,457167.0,,507788.0,507788.0,2020-06-05,23
20200604,GA,49847.0,953.0,24.0,2147.0,,8557.0,446484.0,,496331.0,496331.0,2020-06-04,23
20200603,GA,48894.0,687.0,21.0,2123.0,,8419.0,433818.0,,482712.0,482712.0,2020-06-03,23
20200602,GA,48207.0,589.0,28.0,2102.0,,8334.0,426080.0,,474287.0,474287.0,2020-06-02,23
20200601,GA,47618.0,632.0,32.0,2074.0,,8127.0,424013.0,,471631.0,471631.0,2020-06-01,23
20200531,GA,46986.0,700.0,39.0,2042.0,,7946.0,418539.0,,465525.0,465525.0,2020-05-31,22
20200530,GA,46286.0,616.0,29.0,2003.0,,7921.0,408552.0,,454838.0,454838.0,2020-05-30,22
20200529,GA,45670.0,600.0,12.0,1974.0,,7852.0,404601.0,,450271.0,450271.0,2020-05-29,22
20200528,GA,45070.0,649.0,55.0,1962.0,,7767.0,399576.0,,444646.0,444646.0,2020-05-28,22
20200527,GA,44421.0,691.0,36.0,1907.0,,7666.0,396335.0,,440756.0,440756.0,2020-05-27,22
20200526,GA,43730.0,386.0,41.0,1871.0,,7547.0,471215.0,,514945.0,514945.0,2020-05-26,22
20200525,GA,43344.0,506.0,6.0,1830.0,,7475.0,470201.0,,513545.0,513545.0,2020-05-25,22
20200524,GA,42838.0,706.0,13.0,1824.0,,7439.0,439116.0,,481954.0,481954.0,2020-05-24,21
20200523,GA,42132.0,914.0,26.0,1811.0,,7411.0,411405.0,,453537.0,453537.0,2020-05-23,21
20200522,GA,41218.0,813.0,31.0,1785.0,,7313.0,386031.0,,427249.0,427249.0,2020-05-22,21
20200521,GA,40405.0,758.0,67.0,1754.0,,7235.0,367326.0,,407731.0,407731.0,2020-05-21,21
20200520,GA,39647.0,926.0,23.0,1687.0,,7107.0,363293.0,,402940.0,402940.0,2020-05-20,21
20200519,GA,38721.0,640.0,22.0,1664.0,,7027.0,339435.0,,378156.0,378156.0,2020-05-19,21
20200518,GA,38081.0,380.0,36.0,1642.0,,6916.0,326208.0,,364289.0,364289.0,2020-05-18,21
20200517,GA,37701.0,554.0,14.0,1606.0,,6790.0,313474.0,,351175.0,351175.0,2020-05-17,20
20200516,GA,37147.0,466.0,35.0,1592.0,,6735.0,283922.0,,321069.0,321069.0,2020-05-16,20
20200515,GA,36681.0,823.0,30.0,1557.0,,6438.0,265193.0,,301874.0,301874.0,2020-05-15,20
20200514,GA,35858.0,526.0,22.0,1527.0,,6345.0,250023.0,,285881.0,285881.0,2020-05-14,20
20200513,GA,35332.0,697.0,44.0,1505.0,,6259.0,238572.0,,273904.0,273904.0,2020-05-13,20
20200512,GA,34635.0,708.0,20.0,1461.0,,6130.0,227544.0,,262179.0,262179.0,2020-05-12,20
20200511,GA,33927.0,486.0,36.0,1441.0,,6015.0,217361.0,,251288.0,251288.0,2020-05-11,20
20200510,GA,33441.0,909.0,5.0,1405.0,,5997.0,210106.0,,243547.0,243547.0,2020-05-10,19
20200509,GA,32532.0,426.0,23.0,1400.0,,5987.0,202792.0,,235324.0,235324.0,2020-05-09,19
20200508,GA,32106.0,667.0,41.0,1377.0,,5935.0,195461.0,,227567.0,227567.0,2020-05-08,19
20200507,GA,31439.0,743.0,25.0,1336.0,,5835.0,185864.0,,217303.0,217303.0,2020-05-07,19
20200506,GA,30696.0,985.0,23.0,1311.0,,5765.0,173441.0,,204137.0,204137.0,2020-05-06,19
20200505,GA,29711.0,343.0,66.0,1288.0,,5634.0,171172.0,,200883.0,200883.0,2020-05-05,19
20200504,GA,29368.0,766.0,45.0,1222.0,,5526.0,153957.0,,183325.0,183325.0,2020-05-04,19
20200503,GA,28602.0,296.0,3.0,1177.0,,5393.0,146494.0,,175096.0,175096.0,2020-05-03,18
20200502,GA,28306.0,1036.0,20.0,1174.0,,5387.0,146494.0,,174800.0,174800.0,2020-05-02,18
20200501,GA,27270.0,1115.0,34.0,1154.0,,5269.0,141097.0,,168367.0,168367.0,2020-05-01,18
20200430,GA,26155.0,532.0,27.0,1120.0,,5156.0,122889.0,,149044.0,149044.0,2020-04-30,18
20200429,GA,25623.0,1008.0,67.0,1093.0,,5056.0,118155.0,,143778.0,143778.0,2020-04-29,18
20200428,GA,24615.0,702.0,55.0,1026.0,,4814.0,115405.0,,140020.0,140020.0,2020-04-28,18
20200427,GA,23913.0,512.0,59.0,971.0,,4681.0,103256.0,,127169.0,127169.0,2020-04-27,18
20200426,GA,23401.0,706.0,8.0,912.0,,4359.0,99822.0,,123223.0,123223.0,2020-04-26,17
20200425,GA,22695.0,548.0,12.0,904.0,,4326.0,96319.0,,119014.0,119014.0,2020-04-25,17
20200424,GA,22147.0,635.0,20.0,892.0,,4221.0,85029.0,,107176.0,107176.0,2020-04-24,17
20200423,GA,21512.0,772.0,36.0,872.0,,4069.0,79550.0,,101062.0,101062.0,2020-04-23,17
20200422,GA,20740.0,859.0,37.0,836.0,,3959.0,73332.0,,94072.0,94072.0,2020-04-22,17
20200421,GA,19881.0,934.0,66.0,799.0,,3779.0,68259.0,,88140.0,88140.0,2020-04-21,17
20200420,GA,18947.0,646.0,46.0,733.0,,3550.0,65381.0,,84328.0,84328.0,2020-04-20,17
20200419,GA,18301.0,632.0,14.0,687.0,,3464.0,61632.0,,79933.0,79933.0,2020-04-19,16
20200418,GA,17669.0,475.0,23.0,673.0,,3420.0,56539.0,,74208.0,74208.0,2020-04-18,16
20200417,GA,17194.0,1525.0,63.0,650.0,,3324.0,54490.0,,71684.0,71684.0,2020-04-17,16
20200416,GA,15669.0,682.0,35.0,587.0,,3108.0,52270.0,,67939.0,67939.0,2020-04-16,16
20200415,GA,14987.0,764.0,51.0,552.0,,2922.0,49103.0,,64090.0,64090.0,2020-04-15,16
20200414,GA,14223.0,908.0,37.0,501.0,,2769.0,47572.0,,61795.0,61795.0,2020-04-14,16
20200413,GA,13315.0,863.0,31.0,464.0,,2589.0,43706.0,,57021.0,57021.0,2020-04-13,16
20200412,GA,12452.0,293.0,5.0,433.0,,2505.0,42001.0,,54453.0,54453.0,2020-04-12,15
20200411,GA,12159.0,676.0,12.0,428.0,,2479.0,39556.0,,51715.0,51715.0,2020-04-11,15
20200410,GA,11483.0,917.0,37.0,416.0,,2351.0,34664.0,,46147.0,46147.0,2020-04-10,15
20200409,GA,10566.0,665.0,17.0,379.0,,2159.0,30519.0,,41085.0,41085.0,2020-04-09,15
20200408,GA,9901.0,1083.0,33.0,362.0,,1993.0,28886.0,,38787.0,38787.0,2020-04-08,15
20200407,GA,8818.0,1504.0,100.0,329.0,,1774.0,24895.0,,33713.0,33713.0,2020-04-07,15
20200406,GA,7314.0,667.0,18.0,229.0,,1332.0,23960.0,,31274.0,31274.0,2020-04-06,15
20200405,GA,6647.0,487.0,10.0,211.0,,1283.0,21185.0,,27832.0,27832.0,2020-04-05,14
20200404,GA,6160.0,329.0,17.0,201.0,,1239.0,20134.0,,26294.0,26294.0,2020-04-04,14
20200403,GA,5831.0,483.0,21.0,184.0,,1158.0,19434.0,,25265.0,25265.0,2020-04-03,14
20200402,GA,5348.0,710.0,24.0,163.0,,1056.0,17609.0,,22957.0,22957.0,2020-04-02,14
20200401,GA,4638.0,709.0,28.0,139.0,,952.0,15688.0,,20326.0,20326.0,2020-04-01,14
20200331,GA,3929.0,1120.0,24.0,111.0,,833.0,12252.0,,16181.0,16181.0,2020-03-31,14
20200330,GA,2809.0,158.0,7.0,87.0,,707.0,9915.0,,12724.0,12724.0,2020-03-30,14
20200329,GA,2651.0,285.0,11.0,80.0,,666.0,9913.0,,12564.0,12564.0,2020-03-29,13
20200328,GA,2366.0,365.0,5.0,69.0,,617.0,8685.0,,11051.0,11051.0,2020-03-28,13
20200327,GA,2001.0,476.0,16.0,64.0,,566.0,7864.0,,9865.0,9865.0,2020-03-27,13
20200326,GA,1525.0,278.0,8.0,48.0,,473.0,7401.0,,8926.0,8926.0,2020-03-26,13
20200325,GA,1247.0,221.0,8.0,40.0,,394.0,4932.0,,6179.0,6179.0,2020-03-25,13
20200324,GA,1026.0,254.0,7.0,32.0,,,4458.0,,5484.0,5484.0,2020-03-24,13
20200323,GA,772.0,172.0,2.0,25.0,,,4297.0,,5069.0,5069.0,2020-03-23,13
20200322,GA,600.0,93.0,9.0,23.0,,,3420.0,,4020.0,4020.0,2020-03-22,12
20200321,GA,507.0,87.0,1.0,14.0,,,2557.0,,3064.0,3064.0,2020-03-21,12
20200320,GA,420.0,133.0,3.0,13.0,,,1966.0,,2386.0,2386.0,2020-03-20,12
20200319,GA,287.0,90.0,9.0,10.0,,,1544.0,,1831.0,1831.0,2020-03-19,12
20200318,GA,197.0,51.0,0.0,1.0,,,1311.0,,1508.0,1508.0,2020-03-18,12
20200317,GA,146.0,25.0,0.0,1.0,,,,,146.0,146.0,2020-03-17,12
20200316,GA,121.0,22.0,0.0,1.0,,,,,121.0,121.0,2020-03-16,12
20200315,GA,99.0,33.0,0.0,1.0,,,,,99.0,99.0,2020-03-15,11
20200314,GA,66.0,24.0,0.0,1.0,,,,,66.0,66.0,2020-03-14,11
20200313,GA,42.0,11.0,1.0,1.0,,,,,42.0,42.0,2020-03-13,11
20200312,GA,31.0,9.0,0.0,,,,,,31.0,31.0,2020-03-12,11
20200311,GA,22.0,5.0,0.0,,,,,,22.0,22.0,2020-03-11,11
20200310,GA,17.0,5.0,0.0,,,,,,17.0,17.0,2020-03-10,11
20200309,GA,12.0,5.0,0.0,,,,,,12.0,12.0,2020-03-09,11
20200308,GA,7.0,1.0,0.0,,,,,,7.0,7.0,2020-03-08,10
20200307,GA,6.0,4.0,0.0,,,,,,6.0,6.0,2020-03-07,10
20200306,GA,2.0,0.0,0.0,,,,,,2.0,2.0,2020-03-06,10
20200305,GA,2.0,0.0,0.0,,,,,,2.0,2.0,2020-03-05,10
20200304,GA,2.0,0.0,0.0,,,,,,2.0,2.0,2020-03-04,10
20200823,FL,600571.0,2974.0,51.0,10462.0,,36903.0,3828062.0,,4432201.0,4428633.0,2020-08-23,34
20200822,FL,597597.0,4311.0,107.0,10411.0,,36764.0,3804250.0,,4405419.0,4401847.0,2020-08-22,34
20200821,FL,593286.0,4684.0,118.0,10304.0,,36425.0,3773926.0,,4370776.0,4367212.0,2020-08-21,34
20200820,FL,588602.0,4555.0,119.0,10186.0,,36070.0,3747150.0,,4339356.0,4335752.0,2020-08-20,34
20200819,FL,584047.0,4115.0,174.0,10067.0,,35620.0,3722192.0,,4310089.0,4306239.0,2020-08-19,34
20200818,FL,579932.0,3838.0,219.0,9893.0,,35112.0,3699108.0,,4282854.0,4279040.0,2020-08-18,34
20200817,FL,576094.0,2678.0,87.0,9674.0,,34607.0,3676782.0,,4256675.0,4252876.0,2020-08-17,34
20200816,FL,573416.0,3779.0,107.0,9587.0,,34341.0,3659212.0,,4236419.0,4232628.0,2020-08-16,33
20200815,FL,569637.0,6352.0,204.0,9480.0,,34074.0,3633088.0,,4206515.0,4202725.0,2020-08-15,33
20200814,FL,563285.0,6148.0,229.0,9276.0,,33568.0,3597280.0,,4164283.0,4160565.0,2020-08-14,33
20200813,FL,557137.0,6236.0,149.0,9047.0,,32947.0,3564981.0,,4125736.0,4122118.0,2020-08-13,33
20200812,FL,550901.0,8109.0,213.0,8898.0,,32349.0,3536678.0,,4091108.0,4087579.0,2020-08-12,33
20200811,FL,542792.0,5831.0,277.0,8685.0,,31750.0,3506483.0,,4052719.0,4049275.0,2020-08-11,33
20200810,FL,536961.0,4155.0,93.0,8408.0,,31177.0,3476896.0,,4017219.0,4013857.0,2020-08-10,33
20200809,FL,532806.0,6229.0,77.0,8315.0,,30893.0,3452857.0,,3989016.0,3985663.0,2020-08-09,32
20200808,FL,526577.0,8502.0,187.0,8238.0,,30639.0,3419295.0,,3949222.0,3945872.0,2020-08-08,32
20200807,FL,518075.0,7686.0,180.0,8051.0,,30114.0,3378864.0,,3900313.0,3896939.0,2020-08-07,32
20200806,FL,510389.0,7650.0,120.0,7871.0,,29515.0,3346974.0,,3860688.0,3857363.0,2020-08-06,32
20200805,FL,502739.0,5409.0,225.0,7751.0,,28956.0,3312145.0,,3818161.0,3814884.0,2020-08-05,32
20200804,FL,497330.0,5446.0,247.0,7526.0,,28333.0,3287128.0,,3787738.0,3784458.0,2020-08-04,32
20200803,FL,491884.0,4752.0,73.0,7279.0,,27744.0,3260914.0,,3756026.0,3752798.0,2020-08-03,32
20200802,FL,487132.0,7104.0,62.0,7206.0,,27524.0,3233865.0,,3724391.0,3720997.0,2020-08-02,31
20200801,FL,480028.0,9642.0,178.0,7144.0,,27344.0,3199415.0,,3682852.0,3679443.0,2020-08-01,31
20200731,FL,470386.0,9007.0,257.0,6966.0,,26905.0,3157702.0,,3631451.0,3628088.0,2020-07-31,31
20200730,FL,461379.0,9956.0,252.0,6709.0,,26386.0,3117738.0,,3582421.0,3579117.0,2020-07-30,31
20200729,FL,451423.0,9446.0,217.0,6457.0,,25867.0,3075342.0,,3529985.0,3526765.0,2020-07-29,31
20200728,FL,441977.0,9230.0,191.0,6240.0,,25280.0,3038322.0,,3483316.0,3480299.0,2020-07-28,31
20200727,FL,432747.0,8892.0,77.0,6049.0,,24690.0,2998750.0,,3434399.0,3431497.0,2020-07-27,31
20200726,FL,423855.0,9344.0,78.0,5972.0,,24421.0,2962648.0,,3389374.0,3386503.0,2020-07-26,30
20200725,FL,414511.0,12199.0,126.0,5894.0,,24086.0,2921866.0,,3339227.0,3336377.0,2020-07-25,30
20200724,FL,402312.0,12444.0,136.0,5768.0,,23575.0,2874324.0,,3279363.0,3276636.0,2020-07-24,30
20200723,FL,389868.0,10249.0,173.0,5632.0,,22991.0,2821074.0,,3213568.0,3210942.0,2020-07-23,30
20200722,FL,379619.0,9785.0,140.0,5459.0,,22588.0,2775092.0,,3157235.0,3154711.0,2020-07-22,30
20200721,FL,369834.0,9440.0,136.0,5319.0,,22123.0,2729916.0,,3102212.0,3099750.0,2020-07-21,30
20200720,FL,360394.0,10347.0,92.0,5183.0,,21605.0,2691712.0,,3054497.0,3052106.0,2020-07-20,30
20200719,FL,350047.0,12478.0,89.0,5091.0,,21309.0,2652594.0,,3005047.0,3002641.0,2020-07-19,29
20200718,FL,337569.0,10328.0,90.0,5002.0,,20969.0,2594419.0,,2934308.0,2931988.0,2020-07-18,29
20200717,FL,327241.0,11466.0,130.0,4912.0,,20526.0,2553527.0,,2883018.0,2880768.0,2020-07-17,29
20200716,FL,315775.0,13965.0,156.0,4782.0,,20154.0,2499843.0,,2817781.0,2815618.0,2020-07-16,29
20200715,FL,301810.0,10181.0,112.0,4626.0,,19659.0,2434143.0,,2738142.0,2735953.0,2020-07-15,29
20200714,FL,291629.0,9194.0,133.0,4514.0,,19201.0,2393614.0,,2685630.0,2685243.0,2020-07-14,29
20200713,FL,282435.0,12624.0,35.0,4381.0,,18817.0,2357139.0,,2641569.0,2639574.0,2020-07-13,29
20200712,FL,269811.0,15300.0,45.0,4346.0,,18590.0,2304196.0,,2576103.0,2574007.0,2020-07-12,28
20200711,FL,254511.0,10360.0,98.0,4301.0,,18341.0,2220788.0,,2477339.0,2475299.0,2020-07-11,28
20200710,FL,244151.0,11433.0,92.0,4203.0,,17916.0,2177476.0,,2423538.0,2421627.0,2020-07-10,28
20200709,FL,232718.0,8935.0,120.0,4111.0,,17479.0,2124680.0,,2359294.0,2357398.0,2020-07-09,28
20200708,FL,223783.0,9989.0,48.0,3991.0,,17068.0,2096424.0,,2321980.0,2320207.0,2020-07-08,28
20200707,FL,213794.0,7347.0,63.0,3943.0,,16733.0,2055400.0,,2270798.0,2269194.0,2020-07-07,28
20200706,FL,206447.0,6336.0,48.0,3880.0,,16352.0,2027493.0,,2235456.0,2233940.0,2020-07-06,28
20200705,FL,200111.0,10059.0,29.0,3832.0,,16201.0,2000088.0,,2201707.0,2200199.0,2020-07-05,27
20200704,FL,190052.0,11458.0,18.0,3803.0,,16040.0,1956445.0,,2148169.0,2146497.0,2020-07-04,27
20200703,FL,178594.0,9488.0,67.0,3785.0,,15795.0,1902766.0,,2083077.0,2081360.0,2020-07-03,27
20200702,FL,169106.0,10109.0,68.0,3718.0,,15454.0,1863077.0,,2033866.0,2032183.0,2020-07-02,27
20200701,FL,158997.0,6563.0,46.0,3650.0,,15125.0,1821357.0,,1982448.0,1980354.0,2020-07-01,27
20200630,FL,152434.0,6093.0,58.0,3604.0,,14879.0,1792561.0,,1946899.0,1944995.0,2020-06-30,27
20200629,FL,146341.0,5266.0,28.0,3546.0,,14651.0,1766402.0,,1914487.0,1912743.0,2020-06-29,27
20200628,FL,141075.0,8530.0,29.0,3518.0,,14540.0,1740822.0,,1883623.0,1881897.0,2020-06-28,26
20200627,FL,132545.0,9585.0,25.0,3489.0,,14432.0,1696980.0,,1831256.0,1829525.0,2020-06-27,26
20200626,FL,122960.0,8942.0,41.0,3464.0,,14281.0,1645925.0,,1770637.0,1768885.0,2020-06-26,26
20200625,FL,114018.0,5004.0,46.0,3423.0,,14068.0,1606626.0,,1722319.0,1720644.0,2020-06-25,26
20200624,FL,109014.0,5511.0,44.0,3377.0,,13865.0,1559328.0,,1669877.0,1668342.0,2020-06-24,26
20200623,FL,103503.0,3286.0,67.0,3333.0,,13614.0,1537249.0,,1642177.0,1640752.0,2020-06-23,26
20200622,FL,100217.0,2926.0,12.0,3266.0,,13407.0,1517270.0,,1619033.0,1617487.0,2020-06-22,26
20200621,FL,97291.0,3494.0,17.0,3254.0,,13325.0,1502005.0,,1600921.0,1599296.0,2020-06-21,25
20200620,FL,93797.0,4049.0,40.0,3237.0,,13227.0,1467475.0,,1562902.0,1561272.0,2020-06-20,25
20200619,FL,89748.0,3822.0,43.0,3197.0,,13062.0,1443123.0,,1534449.0,1532871.0,2020-06-19,25
20200618,FL,85926.0,3207.0,44.0,3154.0,,12862.0,1425386.0,,1512769.0,1511312.0,2020-06-18,25
20200617,FL,82719.0,2610.0,25.0,3110.0,,12673.0,1403040.0,,1486999.0,1485759.0,2020-06-17,25
20200616,FL,80109.0,2783.0,55.0,3085.0,,12489.0,1380200.0,,1461459.0,1460309.0,2020-06-16,25
20200615,FL,77326.0,1758.0,8.0,3030.0,,12298.0,1352858.0,,1431351.0,1430184.0,2020-06-15,25
20200614,FL,75568.0,2016.0,6.0,3022.0,,12224.0,1333447.0,,1410199.0,1409015.0,2020-06-14,24
20200613,FL,73552.0,2581.0,49.0,3016.0,,12155.0,1296861.0,,1371654.0,1370413.0,2020-06-13,24
20200612,FL,70971.0,1902.0,29.0,2967.0,,11986.0,1264928.0,,1337141.0,1335899.0,2020-06-12,24
20200611,FL,69069.0,1698.0,49.0,2938.0,,11850.0,1237679.0,,1307990.0,1306748.0,2020-06-11,24
20200610,FL,67371.0,1371.0,38.0,2889.0,,11621.0,1211652.0,,1280157.0,1279023.0,2020-06-10,24
20200609,FL,66000.0,1096.0,53.0,2851.0,,11460.0,1192305.0,,1259405.0,1258305.0,2020-06-09,24
20200608,FL,64904.0,966.0,12.0,2798.0,,11282.0,1169646.0,,1235574.0,1234550.0,2020-06-08,24
20200607,FL,63938.0,1180.0,13.0,2786.0,,11215.0,1152220.0,,1217319.0,1216158.0,2020-06-07,23
20200606,FL,62758.0,1270.0,28.0,2773.0,,11163.0,1111427.0,,1175450.0,1174185.0,2020-06-06,23
20200605,FL,61488.0,1305.0,54.0,2745.0,,11066.0,1073452.0,,1136133.0,1134940.0,2020-06-05,23
20200604,FL,60183.0,1419.0,41.0,2691.0,,10923.0,1046860.0,,1108264.0,1107043.0,2020-06-04,23
20200603,FL,58764.0,1317.0,37.0,2650.0,,10796.0,1022149.0,,1082104.0,1080913.0,2020-06-03,23
20200602,FL,57447.0,617.0,70.0,2613.0,,10678.0,992305.0,,1050958.0,1049752.0,2020-06-02,23
20200601,FL,56830.0,667.0,9.0,2543.0,,10494.0,983570.0,,1041560.0,1040400.0,2020-06-01,23
20200531,FL,56163.0,739.0,4.0,2534.0,,10453.0,965186.0,,1022681.0,1021349.0,2020-05-31,22
20200530,FL,55424.0,927.0,35.0,2530.0,,10375.0,939544.0,,994968.0,994968.0,2020-05-30,22
20200529,FL,54497.0,1212.0,49.0,2495.0,,10243.0,928742.0,,984547.0,983239.0,2020-05-29,22
20200528,FL,53285.0,651.0,46.0,2446.0,,10056.0,898331.0,,952774.0,951616.0,2020-05-28,22
20200527,FL,52634.0,379.0,62.0,2400.0,,9899.0,880937.0,,934526.0,933571.0,2020-05-27,22
20200526,FL,52255.0,509.0,7.0,2338.0,,9740.0,870969.0,,924125.0,923224.0,2020-05-26,22
20200525,FL,51746.0,879.0,15.0,2331.0,,9681.0,856489.0,,909223.0,908235.0,2020-05-25,22
20200524,FL,50867.0,740.0,4.0,2316.0,,9638.0,820368.0,,872572.0,871235.0,2020-05-24,21
20200523,FL,50127.0,676.0,44.0,2312.0,,9567.0,806310.0,,858000.0,856437.0,2020-05-23,21
20200522,FL,49451.0,776.0,46.0,2268.0,,9372.0,786045.0,,836983.0,835496.0,2020-05-22,21
20200521,FL,48675.0,1204.0,49.0,2222.0,,9200.0,765254.0,,815400.0,813929.0,2020-05-21,21
20200520,FL,47471.0,527.0,44.0,2173.0,,8934.0,723877.0,,772705.0,771348.0,2020-05-20,21
20200519,FL,46944.0,502.0,56.0,2129.0,,8744.0,668911.0,,717224.0,715855.0,2020-05-19,21
20200518,FL,46442.0,854.0,24.0,2073.0,,8553.0,629970.0,,677758.0,676412.0,2020-05-18,21
20200517,FL,45588.0,777.0,9.0,2049.0,,8478.0,606204.0,,653271.0,651792.0,2020-05-17,20
20200516,FL,44811.0,1601.0,49.0,2040.0,,8393.0,585236.0,,631723.0,630047.0,2020-05-16,20
20200515,FL,43210.0,0.0,43.0,1991.0,,7993.0,565627.0,,610065.0,608837.0,2020-05-15,20
20200514,FL,43210.0,808.0,50.0,1948.0,,7993.0,565627.0,,610065.0,608837.0,2020-05-14,20
20200513,FL,42402.0,479.0,49.0,1898.0,,7835.0,552361.0,,595954.0,594763.0,2020-05-13,20
20200512,FL,41923.0,941.0,44.0,1849.0,,7654.0,537681.0,,580668.0,579604.0,2020-05-12,20
20200511,FL,40982.0,386.0,14.0,1805.0,,7458.0,520075.0,,562137.0,561057.0,2020-05-11,20
20200510,FL,40596.0,595.0,6.0,1791.0,,7404.0,498352.0,,540213.0,538948.0,2020-05-10,19
20200509,FL,40001.0,802.0,47.0,1785.0,,7325.0,487730.0,,529183.0,527731.0,2020-05-09,19
20200508,FL,39199.0,371.0,71.0,1738.0,,7157.0,474142.0,,514774.0,513341.0,2020-05-08,19
20200507,FL,38828.0,826.0,62.0,1667.0,,6990.0,454122.0,,494449.0,492950.0,2020-05-07,19
20200506,FL,38002.0,563.0,69.0,1605.0,,6776.0,442049.0,,481402.0,480051.0,2020-05-06,19
20200505,FL,37439.0,542.0,113.0,1536.0,,6546.0,428252.0,,466956.0,465691.0,2020-05-05,19
20200504,FL,36897.0,819.0,20.0,1423.0,,6329.0,407373.0,,445451.0,444270.0,2020-05-04,19
20200503,FL,36078.0,615.0,15.0,1403.0,,6244.0,392111.0,,429415.0,428189.0,2020-05-03,18
20200502,FL,35463.0,735.0,74.0,1388.0,,5945.0,380549.0,,416012.0,416012.0,2020-05-02,18
20200501,FL,34728.0,1038.0,24.0,1314.0,,5795.0,367971.0,,402699.0,402699.0,2020-05-01,18
20200430,FL,33690.0,497.0,50.0,1290.0,,5795.0,348715.0,,383592.0,382405.0,2020-04-30,18
20200429,FL,33193.0,347.0,86.0,1240.0,,5624.0,340295.0,,374740.0,373488.0,2020-04-29,18
20200428,FL,32846.0,708.0,53.0,1154.0,,5266.0,334029.0,,368091.0,366875.0,2020-04-28,18
20200427,FL,32138.0,610.0,7.0,1101.0,,5211.0,324325.0,,357562.0,356463.0,2020-04-27,18
20200426,FL,31528.0,689.0,19.0,1094.0,,5155.0,313085.0,,345796.0,344613.0,2020-04-26,17
20200425,FL,30839.0,665.0,44.0,1075.0,,5045.0,302260.0,,334391.0,333099.0,2020-04-25,17
20200424,FL,30174.0,1342.0,52.0,1031.0,,4888.0,286785.0,,318246.0,316959.0,2020-04-24,17
20200423,FL,28832.0,523.0,69.0,979.0,,4693.0,267876.0,,298009.0,296708.0,2020-04-23,17
20200422,FL,28309.0,814.0,54.0,910.0,,4469.0,260318.0,,289885.0,288627.0,2020-04-22,17
20200421,FL,27495.0,835.0,50.0,856.0,,4235.0,249564.0,,278262.0,277059.0,2020-04-21,17
20200420,FL,26660.0,664.0,25.0,806.0,,4010.0,239565.0,,267329.0,266225.0,2020-04-20,17
20200419,FL,25996.0,727.0,27.0,781.0,,3930.0,230083.0,,257258.0,256079.0,2020-04-19,16
20200418,FL,25269.0,1150.0,55.0,754.0,,3842.0,221258.0,,246527.0,246527.0,2020-04-18,16
20200417,FL,24119.0,1222.0,53.0,699.0,,3665.0,210718.0,,236122.0,234837.0,2020-04-17,16
20200416,FL,22897.0,386.0,37.0,646.0,,3460.0,196351.0,,220573.0,219248.0,2020-04-16,16
20200415,FL,22511.0,1144.0,72.0,609.0,,3344.0,190998.0,,214844.0,213509.0,2020-04-15,16
20200414,FL,21367.0,766.0,54.0,537.0,,3060.0,181813.0,,204455.0,203180.0,2020-04-14,16
20200413,FL,20601.0,1246.0,18.0,483.0,,2833.0,175606.0,,197996.0,196207.0,2020-04-13,16
20200412,FL,19355.0,861.0,27.0,465.0,,2772.0,163398.0,,184050.0,182753.0,2020-04-12,15
20200411,FL,18494.0,963.0,48.0,438.0,,2661.0,154439.0,,174351.0,172933.0,2020-04-11,15
20200410,FL,17531.0,1167.0,36.0,390.0,,2487.0,145299.0,,164241.0,162830.0,2020-04-10,15
20200409,FL,16364.0,909.0,45.0,354.0,,2268.0,136185.0,,153944.0,152549.0,2020-04-09,15
20200408,FL,15455.0,708.0,13.0,309.0,,2062.0,127679.0,,144458.0,143134.0,2020-04-08,15
20200407,FL,14747.0,1423.0,60.0,296.0,,1999.0,123415.0,,139569.0,138162.0,2020-04-07,15
20200406,FL,13324.0,1173.0,18.0,236.0,,1682.0,109950.0,,124416.0,123274.0,2020-04-06,15
20200405,FL,12151.0,1040.0,27.0,218.0,,1572.0,101253.0,,114533.0,113404.0,2020-04-05,14
20200404,FL,11111.0,1526.0,28.0,191.0,,1462.0,90956.0,,103348.0,102067.0,2020-04-04,14
20200403,FL,9585.0,1575.0,35.0,163.0,,1287.0,82137.0,,92947.0,91722.0,2020-04-03,14
20200402,FL,8010.0,1055.0,41.0,128.0,,1123.0,69286.0,,78581.0,77296.0,2020-04-02,14
20200401,FL,6955.0,617.0,10.0,87.0,,949.0,59529.0,,67719.0,66484.0,2020-04-01,14
20200331,FL,6338.0,865.0,14.0,77.0,,823.0,54285.0,,61786.0,60623.0,2020-03-31,14
20200330,FL,5473.0,1227.0,7.0,63.0,,652.0,48225.0,,53698.0,53698.0,2020-03-30,14
20200329,FL,4246.0,483.0,2.0,56.0,,594.0,39070.0,,43316.0,43316.0,2020-03-29,13
20200328,FL,3763.0,998.0,20.0,54.0,,526.0,35366.0,,39129.0,39129.0,2020-03-28,13
20200327,FL,2765.0,410.0,6.0,34.0,,456.0,28186.0,,32468.0,30951.0,2020-03-27,13
20200326,FL,2355.0,673.0,6.0,28.0,,406.0,23741.0,,27539.0,26096.0,2020-03-26,13
20200325,FL,1682.0,270.0,4.0,22.0,,316.0,15374.0,,18289.0,17056.0,2020-03-25,13
20200324,FL,1412.0,241.0,4.0,18.0,,259.0,13127.0,,15547.0,14539.0,2020-03-24,13
20200323,FL,1171.0,341.0,1.0,14.0,,217.0,11063.0,,13094.0,12234.0,2020-03-23,13
20200322,FL,830.0,172.0,1.0,13.0,,185.0,7990.0,,9783.0,8820.0,2020-03-22,12
20200321,FL,658.0,138.0,2.0,12.0,,158.0,6579.0,,8239.0,7237.0,2020-03-21,12
20200320,FL,520.0,130.0,2.0,10.0,,,1870.0,,3416.0,2390.0,2020-03-20,12
20200319,FL,390.0,76.0,1.0,8.0,,,1533.0,,2942.0,1923.0,2020-03-19,12
20200318,FL,314.0,128.0,1.0,7.0,,,1225.0,,2493.0,1539.0,2020-03-18,12
20200317,FL,186.0,45.0,2.0,6.0,,,940.0,,1998.0,1126.0,2020-03-17,12
20200316,FL,141.0,25.0,0.0,4.0,,,684.0,,1339.0,825.0,2020-03-16,12
20200315,FL,116.0,39.0,1.0,4.0,,,678.0,,1248.0,794.0,2020-03-15,11
20200314,FL,77.0,27.0,1.0,3.0,,,478.0,,776.0,555.0,2020-03-14,11
20200313,FL,50.0,18.0,0.0,2.0,,,478.0,,749.0,528.0,2020-03-13,11
20200312,FL,32.0,4.0,0.0,2.0,,,301.0,,480.0,333.0,2020-03-12,11
20200311,FL,28.0,9.0,2.0,2.0,,,301.0,,476.0,329.0,2020-03-11,11
20200310,FL,19.0,1.0,0.0,,,,222.0,,396.0,241.0,2020-03-10,11
20200309,FL,18.0,1.0,0.0,,,,140.0,,273.0,158.0,2020-03-09,11
20200308,FL,17.0,3.0,0.0,,,,118.0,,243.0,135.0,2020-03-08,10
20200307,FL,14.0,5.0,0.0,,,,100.0,,202.0,114.0,2020-03-07,10
20200306,FL,9.0,0.0,0.0,,,,55.0,,115.0,64.0,2020-03-06,10
20200305,FL,9.0,7.0,0.0,,,,31.0,,109.0,40.0,2020-03-05,10
20200304,FL,2.0,0.0,0.0,,,,24.0,,42.0,26.0,2020-03-04,10
